ほっかいどう,さっぽろしちゅうおうく,北海道,札幌市中央区,43.05546,141.340956
ほっかいどう,さっぽろしきたく,北海道,札幌市北区,43.064615,141.346807
ほっかいどう,さっぽろしひがしく,北海道,札幌市東区,43.076069,141.363722
ほっかいどう,さっぽろししろいしく,北海道,札幌市白石区,43.04546,141.396365
ほっかいどう,さっぽろしとよひらく,北海道,札幌市豊平区,43.031291,141.380106
ほっかいどう,さっぽろしみなみく,北海道,札幌市南区,42.990031,141.353497
ほっかいどう,さっぽろしにしく,北海道,札幌市西区,43.064615,141.346807
ほっかいどう,さっぽろしあつべつく,北海道,札幌市厚別区,43.036408,141.474789
ほっかいどう,さっぽろしていねく,北海道,札幌市手稲区,43.121938,141.245843
ほっかいどう,さっぽろしきよたく,北海道,札幌市清田区,42.999636,141.44383
ほっかいどう,はこだてし,北海道,函館市,41.768793,140.72881
ほっかいどう,おたるし,北海道,小樽市,43.190717,140.994662
ほっかいどう,あさひかわし,北海道,旭川市,43.770636,142.364819
ほっかいどう,むろらんし,北海道,室蘭市,42.315231,140.973799
ほっかいどう,くしろし,北海道,釧路市,42.984854,144.381356
ほっかいどう,おびひろし,北海道,帯広市,42.923899,143.196103
ほっかいどう,きたみし,北海道,北見市,43.804031,143.895876
ほっかいどう,ゆうばりし,北海道,夕張市,43.056734,141.973896
ほっかいどう,いわみざわし,北海道,岩見沢市,43.196206,141.775933
ほっかいどう,あばしりし,北海道,網走市,44.020632,144.273398
ほっかいどう,るもいし,北海道,留萌市,43.940987,141.637012
ほっかいどう,とまこまいし,北海道,苫小牧市,42.634302,141.605372
ほっかいどう,わつかないし,北海道,稚内市,43.064615,141.346807
ほっかいどう,びばいし,北海道,美唄市,43.332881,141.853785
ほっかいどう,あしべつし,北海道,芦別市,43.518166,142.189436
ほっかいどう,えべつし,北海道,江別市,43.103745,141.536247
ほっかいどう,あかびらし,北海道,赤平市,43.558074,142.044211
ほっかいどう,もんべつし,北海道,紋別市,44.356484,143.354503
ほっかいどう,しべつし,北海道,士別市,44.178734,142.400404
ほっかいどう,なよろし,北海道,名寄市,44.355938,142.463167
ほっかいどう,みかさし,北海道,三笠市,43.245435,141.875327
ほっかいどう,ねむろし,北海道,根室市,43.330076,145.58279
ほっかいどう,ちとせし,北海道,千歳市,42.820958,141.650876
ほっかいどう,たきかわし,北海道,滝川市,43.557795,141.91019
ほっかいどう,すながわし,北海道,砂川市,43.494843,141.903465
ほっかいどう,うたしないし,北海道,歌志内市,43.521353,142.034568
ほっかいどう,ふかがわし,北海道,深川市,43.72326,142.053538
ほっかいどう,ふらのし,北海道,富良野市,43.34214,142.383225
ほっかいどう,のぼりべつし,北海道,登別市,42.41276,141.106632
ほっかいどう,えにわし,北海道,恵庭市,42.882562,141.577815
ほっかいどう,だてし,北海道,伊達市,42.471851,140.864679
ほっかいどう,きたひろしまし,北海道,北広島市,42.985516,141.562987
ほっかいどう,いしかりし,北海道,石狩市,43.171384,141.31552
ほっかいどう,ほくとし,北海道,北斗市,41.82406,140.652903
ほっかいどう,いしかりぐんとうべつちょう,北海道,石狩郡当別町,43.30771,141.608919
ほっかいどう,いしかりぐんしんしのつむら,北海道,石狩郡新篠津村,43.225424,141.649216
ほっかいどう,まつまえぐんまつまえちょう,北海道,松前郡松前町,41.430037,140.110435
ほっかいどう,まつまえぐんふくしまちょう,北海道,松前郡福島町,41.483802,140.251326
ほっかいどう,かみいそぐんしりうちちょう,北海道,上磯郡知内町,41.35544,140.25079
ほっかいどう,かみいそぐんきこないちょう,北海道,上磯郡木古内町,41.678264,140.437568
ほっかいどう,かめだぐんななえちょう,北海道,亀田郡七飯町,41.981669,140.673777
ほっかいどう,かやべぐんしかべちょう,北海道,茅部郡鹿部町,43.064615,141.346807
ほっかいどう,かやべぐんもりまち,北海道,茅部郡森町,42.104795,140.576324
ほっかいどう,ふたみぐんやくもちょう,北海道,二海郡八雲町,42.25658,140.278367
ほっかいどう,やまこしぐんおしやまんべちょう,北海道,山越郡長万部町,42.52728,140.324854
ほっかいどう,ひやまぐんえさしちょう,北海道,檜山郡江差町,41.864634,140.124358
ほっかいどう,ひやまぐんかみのくにちょう,北海道,檜山郡上ノ国町,41.831314,140.284335
ほっかいどう,ひやまぐんあつさぶちょう,北海道,檜山郡厚沢部町,41.831314,140.284335
ほっかいどう,にしぐんおとべちょう,北海道,爾志郡乙部町,41.968501,140.135719
ほっかいどう,おくしりぐんおくしりちょう,北海道,奥尻郡奥尻町,42.10202,139.30507
ほっかいどう,せたなぐんいまかねちょう,北海道,瀬棚郡今金町,42.25458,140.00314
ほっかいどう,くどうぐんせたなちょう,北海道,久遠郡せたな町,42.417161,139.882988
ほっかいどう,しままきぐんしままきむら,北海道,島牧郡島牧村,42.42018,140.03415
ほっかいどう,すつつぐんすつつちょう,北海道,寿都郡寿都町,43.064615,141.346807
ほっかいどう,すつつぐんくろまつないちょう,北海道,寿都郡黒松内町,42.40041,140.18275
ほっかいどう,いそやぐんらんこしちょう,北海道,磯谷郡蘭越町,42.809075,140.528312
ほっかいどう,あぶたぐんにせこちょう,北海道,虻田郡ニセコ町,42.804705,140.687493
ほっかいどう,あぶたぐんまつかりむら,北海道,虻田郡真狩村,43.064615,141.346807
ほっかいどう,あぶたぐんるすつむら,北海道,虻田郡留寿都村,42.73736,140.875591
ほっかいどう,あぶたぐんきもべつちょう,北海道,虻田郡喜茂別町,42.796003,140.934644
ほっかいどう,あぶたぐんきようごくちょう,北海道,虻田郡京極町,42.858208,140.884088
ほっかいどう,あぶたぐんくつちゃんちょう,北海道,虻田郡倶知安町,43.064615,141.346807
ほっかいどう,いわないぐんきようわちょう,北海道,岩内郡共和町,42.980398,140.611187
ほっかいどう,いわないぐんいわないちょう,北海道,岩内郡岩内町,42.979785,140.514753
ほっかいどう,ふるうぐんとまりむら,北海道,古宇郡泊村,43.063355,140.49886
ほっかいどう,ふるうぐんかもえないむら,北海道,古宇郡神恵内村,43.08375,140.25507
ほっかいどう,しやこたんぐんしゃこたんちょう,北海道,積丹郡積丹町,43.17554,140.35528
ほっかいどう,ふるびらぐんふるびらちょう,北海道,古平郡古平町,43.15552,140.38202
ほっかいどう,よいちぐんにきちょう,北海道,余市郡仁木町,43.151691,140.76613
ほっかいどう,よいちぐんよいちちょう,北海道,余市郡余市町,43.197301,140.779704
ほっかいどう,よいちぐんあかいがわむら,北海道,余市郡赤井川村,43.08349,140.813481
ほっかいどう,そらちぐんなんぽろちょう,北海道,空知郡南幌町,43.03495,141.39012
ほっかいどう,そらちぐんないえちょう,北海道,空知郡奈井江町,43.438166,142.454775
ほっかいどう,そらちぐんかみすながわちょう,北海道,空知郡上砂川町,43.482608,141.984084
ほっかいどう,ゆうばりぐんゆにちょう,北海道,夕張郡由仁町,42.59586,141.47248
ほっかいどう,ゆうばりぐんながぬまちょう,北海道,夕張郡長沼町,43.010353,141.695252
ほっかいどう,ゆうばりぐんくりやまちょう,北海道,夕張郡栗山町,43.056309,141.784255
ほっかいどう,かばとぐんつきがたちょう,北海道,樺戸郡月形町,43.20182,141.40102
ほっかいどう,かばとぐんうらうすちょう,北海道,樺戸郡浦臼町,43.25497,141.49.076
ほっかいどう,かばとぐんしんとつかわちょう,北海道,樺戸郡新十津川町,43.548547,141.877032
ほっかいどう,うりゅうぐんもせうしちょう,北海道,雨竜郡妹背牛町,43.693763,141.963142
ほっかいどう,うりゅうぐんちつぷべつちょう,北海道,雨竜郡秩父別町,43.767013,141.957958
ほっかいどう,うりゅうぐんうりゅうちょう,北海道,雨竜郡雨竜町,43.064615,141.346807
ほっかいどう,うりゅうぐんほくりゅうちょう,北海道,雨竜郡北竜町,43.064615,141.346807
ほっかいどう,うりゅうぐんぬまたちょう,北海道,雨竜郡沼田町,43.806802,141.933272
ほっかいどう,かみかわぐんたかすちょう,北海道,上川郡鷹栖町,43.843353,142.354451
ほっかいどう,かみかわぐんひがしかぐらちょう,北海道,上川郡東神楽町,43.696626,142.451437
ほっかいどう,かみかわぐんとうまちょう,北海道,上川郡当麻町,43.828177,142.508366
ほっかいどう,かみかわぐんぴつぷちょう,北海道,上川郡比布町,43.592942,142.75098
ほっかいどう,かみかわぐんあいべつちょう,北海道,上川郡愛別町,43.901477,142.592442
ほっかいどう,かみかわぐんかみかわちょう,北海道,上川郡上川町,43.849547,142.768262
ほっかいどう,かみかわぐんひがしかわちょう,北海道,上川郡東川町,43.698974,142.510317
ほっかいどう,かみかわぐんびえいちょう,北海道,上川郡美瑛町,43.592942,142.75098
ほっかいどう,そらちぐんかみふらのちょう,北海道,空知郡上富良野町,43.455661,142.467073
ほっかいどう,そらちぐんなかふらのちょう,北海道,空知郡中富良野町,43.405671,142.425136
ほっかいどう,そらちぐんみなみふらのちょう,北海道,空知郡南富良野町,43.163979,142.568488
ほっかいどう,ゆうふつぐんしむかつぷむら,北海道,勇払郡占冠村,42.979938,142.398356
ほっかいどう,かみかわぐんわつさむちょう,北海道,上川郡和寒町,43.592942,142.75098
ほっかいどう,かみかわぐんけんぶちちょう,北海道,上川郡剣淵町,44.095677,142.361221
ほっかいどう,かみかわぐんしもかわちょう,北海道,上川郡下川町,44.302865,142.640305
ほっかいどう,なかがわぐんびふかちょう,北海道,中川郡美深町,44.481165,142.343572
ほっかいどう,なかがわぐんおといねつぷむら,北海道,中川郡音威子府村,44.689371,142.26734
ほっかいどう,なかがわぐんなかがわちょう,北海道,中川郡中川町,44.811346,142.071438
ほっかいどう,うりゅうぐんほろかないちょう,北海道,雨竜郡幌加内町,44.009854,142.153933
ほっかいどう,ましけぐんましけちょう,北海道,増毛郡増毛町,43.51217,141.31303
ほっかいどう,るもいぐんおびらちょう,北海道,留萌郡小平町,44.037866,141.830829
ほっかいどう,とままえぐんとままえちょう,北海道,苫前郡苫前町,43.064615,141.346807
ほっかいどう,とままえぐんはぼろちょう,北海道,苫前郡羽幌町,43.064615,141.346807
ほっかいどう,とままえぐんしよさんべつむら,北海道,苫前郡初山別村,44.532154,141.766409
ほっかいどう,てしおぐんえんべつちょう,北海道,天塩郡遠別町,44.722714,141.789403
ほっかいどう,てしおぐんてしおちょう,北海道,天塩郡天塩町,44.879545,141.747314
ほっかいどう,そうやぐんさるふつむら,北海道,宗谷郡猿払村,45.271235,142.120962
ほっかいどう,えさしぐんはまとんべつちょう,北海道,枝幸郡浜頓別町,45.123694,142.359948
ほっかいどう,えさしぐんなかとんべつちょう,北海道,枝幸郡中頓別町,44.969819,142.286735
ほっかいどう,えさしぐんえさしちょう,北海道,枝幸郡枝幸町,44.938715, 142.581598
ほっかいどう,てしおぐんとよとみちょう,北海道,天塩郡豊富町,45.102933,141.777505
ほっかいどう,れぶんぐんれぶんちょう,北海道,礼文郡礼文町,45.392277,141.015036
ほっかいどう,りしりぐんりしりちょう,北海道,利尻郡利尻町,45.247735,141.214344
ほっかいどう,りしりぐんりしりふじちょう,北海道,利尻郡利尻富士町,45.247735,141.214344
ほっかいどう,てしおぐんほろのべちょう,北海道,天塩郡幌延町,45.020267,141.852411
ほっかいどう,あばしりぐんびほろちょう,北海道,網走郡美幌町,43.823782,144.107042
ほっかいどう,あばしりぐんつべつちょう,北海道,網走郡津別町,43.72859,144.126963
ほっかいどう,しやりぐんしやりちょう,北海道,斜里郡斜里町,43.064615,141.346807
ほっかいどう,しやりぐんきよさとちょう,北海道,斜里郡清里町,43.064615,141.346807
ほっかいどう,しやりぐんこしみずちょう,北海道,斜里郡小清水町,43.856852,144.462026
ほっかいどう,ところぐんくんねつぷちょう,北海道,常呂郡訓子府町,44.036171,143.828672
ほっかいどう,ところぐんおけとちょう,北海道,常呂郡置戸町,43.676363,143.586311
ほっかいどう,ところぐんさろまちょう,北海道,常呂郡佐呂間町,44.017756,143.774506
ほっかいどう,もんべつぐんえんがるちょう,北海道,紋別郡遠軽町,44.061953,143.527947
ほっかいどう,もんべつぐんゆうべつちょう,北海道,紋別郡湧別町,44.151451,143.572802
ほっかいどう,もんべつぐんたきのうえちょう,北海道,紋別郡滝上町,44.192203,143.077588
ほっかいどう,もんべつぐんおこつぺちょう,北海道,紋別郡興部町,44.389195,143.076913
ほっかいどう,もんべつぐんにしおこつぺむら,北海道,紋別郡西興部村,44.389195,143.076913
ほっかいどう,もんべつぐんおうむちょう,北海道,紋別郡雄武町,44.582551,142.96181
ほっかいどう,あばしりぐんおおぞらちょう,北海道,網走郡大空町,43.91185,144.172709
ほっかいどう,あぶたぐんとようらちょう,北海道,虻田郡豊浦町,43.064615,141.346807
ほっかいどう,うすぐんそうべつちょう,北海道,有珠郡壮瞥町,42.33088,14053089
ほっかいどう,しらおいぐんしらおいちょう,北海道,白老郡白老町,42.55126,141.355955
ほっかいどう,ゆうふつぐんあつまちょう,北海道,勇払郡厚真町,42.43252,141.52406
ほっかいどう,あぶたぐんとうやこちょう,北海道,虻田郡洞爺湖町,43.064615,141.346807
ほっかいどう,ゆうふつぐんあびらちょう,北海道,勇払郡安平町,42.814687,141.830399
ほっかいどう,ゆうふつぐんむかわちょう,北海道,勇払郡むかわ町,43.064615,141.346807
ほっかいどう,さるぐんひだかちょう,北海道,沙流郡日高町,42.48029,142.074398
ほっかいどう,さるぐんびらとりちょう,北海道,沙流郡平取町,42.35064,142.07432
ほっかいどう,にいかつぷぐんにいかつぷちょう,北海道,新冠郡新冠町,42.362406,142.318332
ほっかいどう,うらかわぐんうらかわちょう,北海道,浦河郡浦河町,42.168516,142.76812
ほっかいどう,さまにぐんさまにちょう,北海道,様似郡様似町,42.181687,143.0274
ほっかいどう,ほろいずみぐんえりもちょう,北海道,幌泉郡えりも町,42.01628,143.148443
ほっかいどう,ひだかぐんしんひだかちょう,北海道,日高郡新ひだか町,42.341281,142.368591
ほっかいどう,かとうぐんおとふけちょう,北海道,河東郡音更町,42.994245,143.197985
ほっかいどう,かとうぐんしほろちょう,北海道,河東郡士幌町,43.098856,143.230273
ほっかいどう,かとうぐんかみしほろちょう,北海道,河東郡上士幌町,43.231444,143.296142
ほっかいどう,かとうぐんしかおいちょう,北海道,河東郡鹿追町,43.099102,142.989043
ほっかいどう,かみかわぐんしんとくちょう,北海道,上川郡新得町,43.079796,142.838737
ほっかいどう,かみかわぐんしみずちょう,北海道,上川郡清水町,43.011356,142.88454
ほっかいどう,かさいぐんめむろちょう,北海道,河西郡芽室町,42.91186,143.050863
ほっかいどう,かさいぐんなかさつないむら,北海道,河西郡中札内村,42.697614,143.132443
ほっかいどう,かさいぐんさらべつむら,北海道,河西郡更別村,42.767356,142.914851
ほっかいどう,ひろおぐんたいきちょう,北海道,広尾郡大樹町,42.502184,143.26719
ほっかいどう,ひろおぐんひろおちょう,北海道,広尾郡広尾町,42.3029,143.301001
ほっかいどう,なかがわぐんまくべつちょう,北海道,中川郡幕別町,42.896479,143.424619
ほっかいどう,なかがわぐんいけだちょう,北海道,中川郡池田町,42.928955,143.448355
ほっかいどう,なかがわぐんとよころちょう,北海道,中川郡豊頃町,42.801053, 143.505841
ほっかいどう,なかがわぐんほんべつちょう,北海道,中川郡本別町,43.124712,143.610573
ほっかいどう,あしよろぐんあしよろちょう,北海道,足寄郡足寄町,43.064615,141.346807
ほっかいどう,あしよろぐんりくべつちょう,北海道,足寄郡陸別町,43.468981,143.747243
ほっかいどう,とかちぐんうらほろちょう,北海道,十勝郡浦幌町,42.808875, 143.658357
ほっかいどう,くしろぐんくしろちょう,北海道,釧路郡釧路町,43.027007,144.513266
ほっかいどう,あつけしぐんあつけしちょう,北海道,厚岸郡厚岸町,43.064615,141.346807
ほっかいどう,あつけしぐんはまなかちょう,北海道,厚岸郡浜中町,43.077145,145.129369
ほっかいどう,かわかみぐんしべちやちょう,北海道,川上郡標茶町,43.302279,144.601776
ほっかいどう,かわかみぐんてしかがちょう,北海道,川上郡弟子屈町,43.368004,144.49843
ほっかいどう,あかんぐんつるいむら,北海道,阿寒郡鶴居村,43.23257,144.291053
ほっかいどう,しらぬかぐんしらぬかちょう,北海道,白糠郡白糠町,43.064615,141.346807
ほっかいどう,のつけぐんべつかいちょう,北海道,野付郡別海町,43.388047,145.134528
ほっかいどう,しべつぐんなかしべつちょう,北海道,標津郡中標津町,43.555242,144.971392
ほっかいどう,しべつぐんしべつちょう,北海道,標津郡標津町,43.661357,145.131533
ほっかいどう,めなしぐんらうすちょう,北海道,目梨郡羅臼町,44.023395,145.199791
あおもりけん,あおもりし,青森県,青森市,40.822117,140.747376
あおもりけん,ひろさきし,青森県,弘前市,40.616319,140.421521
あおもりけん,はちのへし,青森県,八戸市,40.512284,141.488399
あおもりけん,くろいしし,青森県,黒石市,40.642632,140.594645
あおもりけん,ごしよがわらし,青森県,五所川原市,40.902937,140.456429
あおもりけん,とわだし,青森県,十和田市,40.612703,141.205908
あおもりけん,みさわし,青森県,三沢市,40.683134,141.368976
あおもりけん,むつし,青森県,むつ市,41.292746,141.183476
あおもりけん,つがるし,青森県,つがる市,40.808639,140.380059
あおもりけん,ひらかわし,青森県,平川市,40.584011,140.566478
あおもりけん,ひがしつがるぐんひらないまち,青森県,東津軽郡平内町,41.129207,140.541133
あおもりけん,ひがしつがるぐんいまべつまち,青森県,東津軽郡今別町,41.181757,140.481654
あおもりけん,ひがしつがるぐんよもぎたむら,青森県,東津軽郡蓬田村,40.971714,140.655966
あおもりけん,ひがしつがるぐんそとがはままち,青森県,東津軽郡外ヶ浜町,41.129207,140.541133
あおもりけん,にしつがるぐんあじがさわまち,青森県,西津軽郡鰺ヶ沢町,40.779913,140.208695
あおもりけん,にしつがるぐんふかうらまち,青森県,西津軽郡深浦町,40.647895,139.927375
あおもりけん,なかつがるぐんにしめやむら,青森県,中津軽郡西目屋村,40.576709,140.296288
あおもりけん,みなみつがるぐんふじさきまち,青森県,南津軽郡藤崎町,40.656069,140.502811
あおもりけん,みなみつがるぐんおおわにまち,青森県,南津軽郡大鰐町,40.520768,140.568875
あおもりけん,みなみつがるぐんいなかだてむら,青森県,南津軽郡田舎館村,40.631252,140.550116
あおもりけん,きたつがるぐんいたやなぎまち,青森県,北津軽郡板柳町,40.695894,140.457324
あおもりけん,きたつがるぐんつるたまち,青森県,北津軽郡鶴田町,40.758605,140.428382
あおもりけん,きたつがるぐんなかどまりまち,青森県,北津軽郡中泊町,40.960516,140.434479
あおもりけん,かみきたぐんのへじまち,青森県,上北郡野辺地町,40.864469,141.128757
あおもりけん,かみきたぐんしちのへまち,青森県,上北郡七戸町,40.697416,141.151021
あおもりけん,かみきたぐんろくのへまち,青森県,上北郡六戸町,40.609506,141.324788
あおもりけん,かみきたぐんよこはままち,青森県,上北郡横浜町,41.083147,141.247793
あおもりけん,かみきたぐんとうほくまち,青森県,上北郡東北町,40.727876,141.257882
あおもりけん,かみきたぐんろつかしよむら,青森県,上北郡六ヶ所村,40.824308,140.739998
あおもりけん,かみきたぐんおいらせちょう,青森県,上北郡おいらせ町,40.599107,141.397797
あおもりけん,しもきたぐんおおままち,青森県,下北郡大間町,41.526771,140.907438
あおもりけん,しもきたぐんひがしどおりむら,青森県,下北郡東通村,41.277787,141.328936
あおもりけん,しもきたぐんかざまうらむら,青森県,下北郡風間浦村,40.824308,140.739998
あおもりけん,しもきたぐんさいむら,青森県,下北郡佐井村,41.429706,140.859129
あおもりけん,さんのへぐんさんのへまち,青森県,三戸郡三戸町,40.378407,141.258745
あおもりけん,さんのへぐんごのへまち,青森県,三戸郡五戸町,40.31524,141.18288
あおもりけん,さんのへぐんたつこまち,青森県,三戸郡田子町,40.410298,141.204796
あおもりけん,さんのへぐんなんぶちょう,青森県,三戸郡南部町,40.466593,141.381986
あおもりけん,さんのへぐんはしかみちょう,青森県,三戸郡階上町,40.27089,141.37157
あおもりけん,さんのへぐんしんごうむら,青森県,三戸郡新郷村,40.465626,141.173464
いわてけん,もりおかし,岩手県,盛岡市,39.702053,141.154484
いわてけん,みやこし,岩手県,宮古市,39.64142,141.957139
いわてけん,おおふなとし,岩手県,大船渡市,39.081901,141.70853
いわてけん,はなまきし,岩手県,花巻市,39.388578,141.116645
いわてけん,きたかみし,岩手県,北上市,39.286765,141.113191
いわてけん,くじし,岩手県,久慈市,40.190524,141.775583
いわてけん,とおのし,岩手県,遠野市,39.330882,141.532439
いわてけん,いちのせきし,岩手県,一関市,38.934682,141.1268
いわてけん,りくぜんたかたし,岩手県,陸前高田市,39.027661,141.625495
いわてけん,かまいしし,岩手県,釜石市,39.275818,141.885677
いわてけん,にのへし,岩手県,二戸市,40.271213,141.304817
いわてけん,はちまんたいし,岩手県,八幡平市,39.956477,141.071292
いわてけん,おうしゆうし,岩手県,奥州市,39.144529,141.139141
いわてけん,たきざわし,岩手県,滝沢市,39.734684,141.077095
いわてけん,いわてぐんしずくいしちょう,岩手県,岩手郡雫石町,39.696288,140.975776
いわてけん,いわてぐんくずまきまち,岩手県,岩手郡葛巻町,40.039896,141.436465
いわてけん,いわてぐんいわてまち,岩手県,岩手郡岩手町,39.703619,141.152684
いわてけん,しわぐんしわちょう,岩手県,紫波郡紫波町,39.703619,141.152684
いわてけん,しわぐんやはばちょう,岩手県,紫波郡矢巾町,39.569104,141.169334
いわてけん,わがぐんにしわがまち,岩手県,和賀郡西和賀町,39.2645,140.4501
いわてけん,いさわぐんかねがさきちょう,岩手県,胆沢郡金ケ崎町,39.197459,140.995255
いわてけん,にしいわいぐんひらいずみちょう,岩手県,西磐井郡平泉町,38.986662,141.113822
いわてけん,けせんぐんすみたちょう,岩手県,気仙郡住田町,39.14223,141.575047
いわてけん,かみへいぐんおおつちちょう,岩手県,上閉伊郡大槌町,39.21297,141.5358
いわてけん,しもへいぐんやまだまち,岩手県,下閉伊郡山田町,39.467662,141.94895
いわてけん,しもへいぐんいわいずみちょう,岩手県,下閉伊郡岩泉町,39.846642,141.791979
いわてけん,しもへいぐんたのはたむら,岩手県,下閉伊郡田野畑村,39.93045,141.888868
いわてけん,しもへいぐんふだいむら,岩手県,下閉伊郡普代村,40.005167,141.885908
いわてけん,くのへぐんかるまいまち,岩手県,九戸郡軽米町,40.326746,141.460633
いわてけん,くのへぐんのだむら,岩手県,九戸郡野田村,40.110266,141.817668
いわてけん,くのへぐんくのへむら,岩手県,九戸郡九戸村,39.703619,141.152684
いわてけん,くのへぐんひろのちょう,岩手県,九戸郡洋野町,39.703619,141.152684
いわてけん,にのへぐんいちのへまち,岩手県,二戸郡一戸町,40.213011,141.295475
みやぎけん,せんだいしあおばく,宮城県,仙台市青葉区,38.269076,140.870403
みやぎけん,せんだいしみやぎのく,宮城県,仙台市宮城野区,38.266139,140.909832
みやぎけん,せんだいしわかばやしく,宮城県,仙台市若林区,38.244224,140.900756
みやぎけん,せんだいしたいはくく,宮城県,仙台市太白区,38.224348,140.877134
みやぎけん,せんだいしいずみく,宮城県,仙台市泉区,38.326375,140.881629
みやぎけん,いしのまきし,宮城県,石巻市,38.43448,141.302917
みやぎけん,しおがまし,宮城県,塩竈市,38.314362,141.022027
みやぎけん,けせんぬまし,宮城県,気仙沼市,38.908079,141.569992
みやぎけん,しろいしし,宮城県,白石市,38.002478,140.619861
みやぎけん,なとりし,宮城県,名取市,38.17152,140.891913
みやぎけん,かくだし,宮城県,角田市,37.977063,140.78199
みやぎけん,たがじようし,宮城県,多賀城市,38.293839,141.004225
みやぎけん,いわぬまし,宮城県,岩沼市,38.104292,140.870138
みやぎけん,とめし,宮城県,登米市,38.691923,141.187579
みやぎけん,くりはらし,宮城県,栗原市,38.730128,141.021333
みやぎけん,ひがしまつしまし,宮城県,東松島市,38.426168,141.210242
みやぎけん,おおさきし,宮城県,大崎市,38.577071,140.95535
みやぎけん,とみやし,宮城県,富谷市,38.399815,140.895408
みやぎけん,かつたぐんざおうまち,宮城県,刈田郡蔵王町,38.098164,140.658416
みやぎけん,かつたぐんしちかしゆくまち,宮城県,刈田郡七ヶ宿町,38.268837,140.8721
みやぎけん,しばたぐんおおがわらまち,宮城県,柴田郡大河原町,38.049493,140.730721
みやぎけん,しばたぐんむらたまち,宮城県,柴田郡村田町,38.118539,140.722404
みやぎけん,しばたぐんしばたまち,宮城県,柴田郡柴田町,38.056563,140.76579
みやぎけん,しばたぐんかわさきまち,宮城県,柴田郡川崎町,38.177737,140.643202
みやぎけん,いぐぐんまるもりまち,宮城県,伊具郡丸森町,37.911429,140.765528
みやぎけん,わたりぐんわたりちょう,宮城県,亘理郡亘理町,38.03746,140.852581
みやぎけん,わたりぐんやまもとちょう,宮城県,亘理郡山元町,37.961668,140.877818
みやぎけん,みやぎぐんまつしままち,宮城県,宮城郡松島町,38.380128,141.067244
みやぎけん,みやぎぐんしちがはままち,宮城県,宮城郡七ヶ浜町,38.18163,141.03329
みやぎけん,みやぎぐんりふちょう,宮城県,宮城郡利府町,38.329259,140.971934
みやぎけん,くろかわぐんたいわちょう,宮城県,黒川郡大和町,38.437329,140.886306
みやぎけん,くろかわぐんおおさとちょう,宮城県,黒川郡大郷町,38.471599,140.856917
みやぎけん,くろかわぐんおおひらむら,宮城県,黒川郡大衡村,38.467226,140.880087
みやぎけん,かみぐんしかまちょう,宮城県,加美郡色麻町,38.548789,140.850664
みやぎけん,かみぐんかみまち,宮城県,加美郡加美町,38.268837,140.8721
みやぎけん,とおだぐんわくやちょう,宮城県,遠田郡涌谷町,38.541713,141.136974
みやぎけん,とおだぐんみさとまち,宮城県,遠田郡美里町,38.544391,141.056695
みやぎけん,おしかぐんおながわちょう,宮城県,牡鹿郡女川町,38.44596,141.44255
みやぎけん,もとよしぐんみなみさんりくちょう,宮城県,本吉郡南三陸町,38.680624,141.462475
あきたけん,あきたし,秋田県,秋田市,39.719922,140.10357
あきたけん,のしろし,秋田県,能代市,40.21189,140.026971
あきたけん,よこてし,秋田県,横手市,39.313782,140.566649
あきたけん,おおだてし,秋田県,大館市,40.271405,140.564285
あきたけん,おがし,秋田県,男鹿市,39.886818,139.847558
あきたけん,ゆざわし,秋田県,湯沢市,39.164304,140.495663
あきたけん,かづのし,秋田県,鹿角市,40.215778,140.788436
あきたけん,ゆりほんじようし,秋田県,由利本荘市,39.718614,140.102364
あきたけん,かたがみし,秋田県,潟上市,39.857288,140.013054
あきたけん,だいせんし,秋田県,大仙市,39.453088,140.475448
あきたけん,きたあきたし,秋田県,北秋田市,40.226054,140.370742
あきたけん,にかほし,秋田県,にかほ市,39.203012,139.907713
あきたけん,せんぼくし,秋田県,仙北市,39.700069,140.730588
あきたけん,かづのぐんこさかまち,秋田県,鹿角郡小坂町,40.408633,140.78601
あきたけん,きたあきたぐんかみこあにむら,秋田県,北秋田郡上小阿仁村,40.063371,140.295646
あきたけん,やまもとぐんふじさとまち,秋田県,山本郡藤里町,40.27836,140.261704
あきたけん,やまもとぐんみたねちょう,秋田県,山本郡三種町,40.06058,140.0018
あきたけん,やまもとぐんはつぽうちょう,秋田県,山本郡八峰町,40.286478,140.268905
あきたけん,みなみあきたぐんごじようめまち,秋田県,南秋田郡五城目町,39.718614,140.102364
あきたけん,みなみあきたぐんはちろうがたまち,秋田県,南秋田郡八郎潟町,39.949382,140.073318
あきたけん,みなみあきたぐんいかわまち,秋田県,南秋田郡井川町,39.914169,140.081294
あきたけん,みなみあきたぐんおおがたむら,秋田県,南秋田郡大潟村,40.017792,139.960067
あきたけん,せんぼくぐんみさとちょう,秋田県,仙北郡美郷町,39.424819,140.617045
あきたけん,おがちぐんうごまち,秋田県,雄勝郡羽後町,39.199323,140.412923
あきたけん,おがちぐんひがしなるせむら,秋田県,雄勝郡東成瀬村,39.179183,140.64889
やまがたけん,やまがたし,山形県,山形市,38.255439,140.339602
やまがたけん,よねざわし,山形県,米沢市,37.92224,140.116781
やまがたけん,つるおかし,山形県,鶴岡市,38.727197,139.826731
やまがたけん,さかたし,山形県,酒田市,38.914786,139.836571
やまがたけん,しんじようし,山形県,新庄市,38.240436,140.363633
やまがたけん,さがえし,山形県,寒河江市,38.380964,140.275967
やまがたけん,かみのやまし,山形県,上山市,38.149562,140.267827
やまがたけん,むらやまし,山形県,村山市,38.483344,140.380372
やまがたけん,ながいし,山形県,長井市,38.107494,140.040524
やまがたけん,てんどうし,山形県,天童市,38.362265,140.377886
やまがたけん,ひがしねし,山形県,東根市,38.431354,140.39109
やまがたけん,おばなざわし,山形県,尾花沢市,38.600622,140.405691
やまがたけん,なんようし,山形県,南陽市,38.055141,140.148375
やまがたけん,ひがしむらやまぐんやまのべまち,山形県,東村山郡山辺町,38.296309,140.235096
やまがたけん,ひがしむらやまぐんなかやままち,山形県,東村山郡中山町,38.333114,140.283034
やまがたけん,にしむらやまぐんかほくちょう,山形県,西村山郡河北町,38.426271,140.314284
やまがたけん,にしむらやまぐんにしかわまち,山形県,西村山郡西川町,38.426499,140.147347
やまがたけん,にしむらやまぐんあさひまち,山形県,西村山郡朝日町,38.299248,140.145926
やまがたけん,にしむらやまぐんおおえまち,山形県,西村山郡大江町,38.380648,140.207013
やまがたけん,きたむらやまぐんおおいしだまち,山形県,北村山郡大石田町,38.593008,140.367897
やまがたけん,もがみぐんかねやままち,山形県,最上郡金山町,38.883357,140.339456
やまがたけん,もがみぐんもがみまち,山形県,最上郡最上町,38.758387,140.519354
やまがたけん,もがみぐんふながたまち,山形県,最上郡舟形町,38.691444,140.319776
やまがたけん,もがみぐんまむろがわまち,山形県,最上郡真室川町,38.240436,140.363633
やまがたけん,もがみぐんおおくらむら,山形県,最上郡大蔵村,38.704182,140.230374
やまがたけん,もがみぐんさけがわむら,山形県,最上郡鮭川村,38.240436,140.363633
やまがたけん,もがみぐんとざわむら,山形県,最上郡戸沢村,38.737473,140.143804
やまがたけん,ひがしおきたまぐんたかはたまち,山形県,東置賜郡高畠町,38.002736,140.18916
やまがたけん,ひがしおきたまぐんかわにしまち,山形県,東置賜郡川西町,38.004479,140.04579
やまがたけん,にしおきたまぐんおぐにまち,山形県,西置賜郡小国町,38.061627,139.743364
やまがたけん,にしおきたまぐんしらたかまち,山形県,西置賜郡白鷹町,38.183095,140.098438
やまがたけん,にしおきたまぐんいいでまち,山形県,西置賜郡飯豊町,38.045827,139.98753
やまがたけん,ひがしたがわぐんみかわまち,山形県,東田川郡三川町,38.794487,139.849696
やまがたけん,ひがしたがわぐんしようないまち,山形県,東田川郡庄内町,38.849915,139.904745
やまがたけん,あくみぐんゆざまち,山形県,飽海郡遊佐町,39.014616,139.907352
ふくしまけん,ふくしまし,福島県,福島市,37.760834,140.474728
ふくしまけん,あいづわかまつし,福島県,会津若松市,37.494761,139.92981
ふくしまけん,こおりやまし,福島県,郡山市,37.400529,140.359742
ふくしまけん,いわきし,福島県,いわき市,37.05042,140.887682
ふくしまけん,しらかわし,福島県,白河市,37.126362,140.210943
ふくしまけん,すかがわし,福島県,須賀川市,37.286955,140.372527
ふくしまけん,きたかたし,福島県,喜多方市,37.651355,139.874609
ふくしまけん,そうまし,福島県,相馬市,37.797344,140.918898
ふくしまけん,にほんまつし,福島県,二本松市,37.584858,140.431129
ふくしまけん,たむらし,福島県,田村市,37.44055,140.576422
ふくしまけん,みなみそうまし,福島県,南相馬市,37.642161,140.957276
ふくしまけん,もとみやし,福島県,本宮市,37.513131,140.39389
ふくしまけん,だてぐんこおりまち,福島県,伊達郡桑折町,37.849537,140.516352
ふくしまけん,だてぐんくにみまち,福島県,伊達郡国見町,37.87682,140.549185
ふくしまけん,だてぐんかわまたまち,福島県,伊達郡川俣町,37.66503,140.598241
ふくしまけん,あだちぐんおおたまむら,福島県,安達郡大玉村,37.532287,140.370312
ふくしまけん,いわせぐんかがみいしまち,福島県,岩瀬郡鏡石町,37.287841,140.080395
ふくしまけん,いわせぐんてんえいむら,福島県,岩瀬郡天栄村,37.255606,140.247074
ふくしまけん,みなみあいづぐんしもごうまち,福島県,南会津郡下郷町,37.25558,139.872128
ふくしまけん,みなみあいづぐんひのえまたむら,福島県,南会津郡檜枝岐村,37.155674,139.446601
ふくしまけん,みなみあいづぐんただみまち,福島県,南会津郡只見町,37.155674,139.446601
ふくしまけん,みなみあいづぐんみなみあいづまち,福島県,南会津郡南会津町,37.200403,139.773885
ふくしまけん,やまぐんきたしおばらむら,福島県,耶麻郡北塩原村,37.39204,139.5615.4
ふくしまけん,やまぐんにしあいづまち,福島県,耶麻郡西会津町,37.587429,139.649292
ふくしまけん,やまぐんばんだいまち,福島県,耶麻郡磐梯町,37.562115,139.98878
ふくしまけん,やまぐんいなわしろまち,福島県,耶麻郡猪苗代町,37.557768,140.104761
ふくしまけん,かわぬまぐんあいづばんげまち,福島県,河沼郡会津坂下町,37.33413,139.49179
ふくしまけん,かわぬまぐんゆがわむら,福島県,河沼郡湯川村,37.564771,139.888895
ふくしまけん,かわぬまぐんやないづまち,福島県,河沼郡柳津町,37.52616,139.719542
ふくしまけん,おおぬまぐんみしままち,福島県,大沼郡三島町,37.470369,139.644447
ふくしまけん,おおぬまぐんかねやままち,福島県,大沼郡金山町,37.453851,139.524298
ふくしまけん,おおぬまぐんしようわむら,福島県,大沼郡昭和村,37.335416,139.61066
ふくしまけん,おおぬまぐんあいづみさとまち,福島県,大沼郡会津美里町,37.459854,139.841178
ふくしまけん,にししらかわぐんにしごうむら,福島県,西白河郡西郷村,37.141696,140.155364
ふくしまけん,にししらかわぐんいずみざきむら,福島県,西白河郡泉崎村,37.1538,140.30334
ふくしまけん,にししらかわぐんなかじまむら,福島県,西白河郡中島村,37.148757,140.350204
ふくしまけん,にししらかわぐんやぶきまち,福島県,西白河郡矢吹町,37.201278,140.338609
ふくしまけん,ひがししらかわぐんたなぐらまち,福島県,東白川郡棚倉町,36.920689,140.54246
ふくしまけん,ひがししらかわぐんやまつりまち,福島県,東白川郡矢祭町,36.954951,140.472174
ふくしまけん,ひがししらかわぐんはなわまち,福島県,東白川郡塙町,36.957437,140.409573
ふくしまけん,ひがししらかわぐんさめがわむら,福島県,東白川郡鮫川村,37.042327,140.509669
ふくしまけん,いしかわぐんいしかわまち,福島県,石川郡石川町,37.157078,140.446776
ふくしまけん,いしかわぐんたまかわむら,福島県,石川郡玉川村,37.157078,140.446776
ふくしまけん,いしかわぐんひらたむら,福島県,石川郡平田村,37.221786,140.575876
ふくしまけん,いしかわぐんあさかわまち,福島県,石川郡浅川町,37.080995,140.412809
ふくしまけん,いしかわぐんふるどのまち,福島県,石川郡古殿町,37.05211,140.33204
ふくしまけん,たむらぐんみはるまち,福島県,田村郡三春町,37.441048,140.492569
ふくしまけん,たむらぐんおのまち,福島県,田村郡小野町,37.286823,140.626277
ふくしまけん,ふたばぐんひろのまち,福島県,双葉郡広野町,37.214559,140.994458
ふくしまけん,ふたばぐんならはまち,福島県,双葉郡楢葉町,37.2825,140.993611
ふくしまけん,ふたばぐんとみおかまち,福島県,双葉郡富岡町,37.345409,141.008812
ふくしまけん,ふたばぐんかわうちむら,福島県,双葉郡川内村,37.337691,140.809345
ふくしまけん,ふたばぐんおおくままち,福島県,双葉郡大熊町,37.404444,140.983611
ふくしまけん,ふたばぐんふたばまち,福島県,双葉郡双葉町,37.449167,141.0125
ふくしまけん,ふたばぐんなみえまち,福島県,双葉郡浪江町,37.494586,141.000654
ふくしまけん,ふたばぐんかつらおむら,福島県,双葉郡葛尾村,37.503611,140.764444
ふくしまけん,そうまぐんしんちまち,福島県,相馬郡新地町,37.876357,140.919599
ふくしまけん,そうまぐんいいたてむら,福島県,相馬郡飯舘村,37.67919,140.735247
いばらきけん,みとし,茨城県,水戸市,36.366503,140.470997
いばらきけん,ひたちし,茨城県,日立市,36.599129,140.650458
いばらきけん,つちうらし,茨城県,土浦市,36.078297,140.204333
いばらきけん,こがし,茨城県,古河市,36.184645,139.702525
いばらきけん,いしおかし,茨城県,石岡市,36.190048,140.287556
いばらきけん,ゆうきし,茨城県,結城市,36.305417,139.876641
いばらきけん,りゅうがさきし,茨城県,龍ケ崎市,36.341811,140.446794
いばらきけん,しもつまし,茨城県,下妻市,36.184514,139.967374
いばらきけん,じようそうし,茨城県,常総市,36.023494,139.993617
いばらきけん,ひたちおおたし,茨城県,常陸太田市,36.538275,140.53095
いばらきけん,たかはぎし,茨城県,高萩市,36.713678,140.709424
いばらきけん,きたいばらきし,茨城県,北茨城市,36.801911,140.750979
いばらきけん,かさまし,茨城県,笠間市,36.3453,140.304354
いばらきけん,とりでし,茨城県,取手市,35.911442,140.050468
いばらきけん,うしくし,茨城県,牛久市,35.979375,140.149524
いばらきけん,つくばし,茨城県,つくば市,36.083486,140.076642
いばらきけん,ひたちなかし,茨城県,ひたちなか市,36.396615,140.534676
いばらきけん,かしまし,茨城県,鹿嶋市,35.965756,140.644813
いばらきけん,いたこし,茨城県,潮来市,35.947123,140.555372
いばらきけん,もりやし,茨城県,守谷市,35.951421,139.975391
いばらきけん,ひたちおおみやし,茨城県,常陸大宮市,36.542577,140.41089
いばらきけん,なかし,茨城県,那珂市,36.457469,140.486854
いばらきけん,ちくせいし,茨城県,筑西市,36.30525,139.979404
いばらきけん,ばんどうし,茨城県,坂東市,36.048225,139.888895
いばらきけん,いなしきし,茨城県,稲敷市,35.97294,140.303645
いばらきけん,かすみがうらし,茨城県,かすみがうら市,36.094529,140.330691
いばらきけん,さくらがわし,茨城県,桜川市,36.32725,140.090433
いばらきけん,かみすし,茨城県,神栖市,35.889966,140.664513
いばらきけん,なめがたし,茨城県,行方市,35.990416,140.489025
いばらきけん,ほこたし,茨城県,鉾田市,36.15864,140.516461
いばらきけん,つくばみらいし,茨城県,つくばみらい市,35.962666,140.036712
いばらきけん,おみたまし,茨城県,小美玉市,36.239345,140.352576
いばらきけん,ひがしいばらきぐんいばらきまち,茨城県,東茨城郡茨城町,36.286921,140.424514
いばらきけん,ひがしいばらきぐんおおあらいまち,茨城県,東茨城郡大洗町,36.313443,140.574974
いばらきけん,ひがしいばらきぐんしろさとまち,茨城県,東茨城郡城里町,36.51534,140.368773
いばらきけん,なかぐんとうかいむら,茨城県,那珂郡東海村,36.47288,140.566299
いばらきけん,くじぐんだいごまち,茨城県,久慈郡大子町,36.768096,140.355266
いばらきけん,いなしきぐんみほむら,茨城県,稲敷郡美浦村,36.004562,140.301914
いばらきけん,いなしきぐんあみまち,茨城県,稲敷郡阿見町,36.01509,140.12534
いばらきけん,いなしきぐんかわちまち,茨城県,稲敷郡河内町,36.036227,140.178686
いばらきけん,ゆうきぐんやちよまち,茨城県,結城郡八千代町,36.182753,139.88545
いばらきけん,さしまぐんごかまち,茨城県,猿島郡五霞町,36.341811,140.446794
いばらきけん,さしまぐんさかいまち,茨城県,猿島郡境町,35.867138,140.24718
いばらきけん,きたそうまぐんとねまち,茨城県,北相馬郡利根町,36.341811,140.446794
とちぎけん,うつのみやし,栃木県,宇都宮市,36.555112,139.882807
とちぎけん,あしかがし,栃木県,足利市,36.340151,139.449698
とちぎけん,とちぎし,栃木県,栃木市,36.38238,139.734081
とちぎけん,さのし,栃木県,佐野市,36.314349,139.578341
とちぎけん,かぬまし,栃木県,鹿沼市,36.567111,139.745013
とちぎけん,につこうし,栃木県,日光市,36.565725,139.883565
とちぎけん,おやまし,栃木県,小山市,36.314671,139.800131
とちぎけん,もおかし,栃木県,真岡市,36.440419,140.013442
とちぎけん,おおたわらし,栃木県,大田原市,36.871484,140.017419
とちぎけん,やいたし,栃木県,矢板市,36.806686,139.924054
とちぎけん,なすしおばらし,栃木県,那須塩原市,36.961698,140.046066
とちぎけん,さくらし,栃木県,さくら市,36.685301,139.966452
とちぎけん,なすからすやまし,栃木県,那須烏山市,36.656893,140.151426
とちぎけん,しもつけし,栃木県,下野市,36.395144,139.852077
とちぎけん,かわちぐんかみのかわまち,栃木県,河内郡上三川町,36.439296,139.909884
とちぎけん,はがぐんましこまち,栃木県,芳賀郡益子町,36.467353,140.093378
とちぎけん,はがぐんもてぎまち,栃木県,芳賀郡茂木町,36.53212,140.187565
とちぎけん,はがぐんいちかいまち,栃木県,芳賀郡市貝町,36.543308,140.102046
とちぎけん,はがぐんはがまち,栃木県,芳賀郡芳賀町,36.565725,139.883565
とちぎけん,しもつがぐんみぶまち,栃木県,下都賀郡壬生町,36.427058,139.803932
とちぎけん,しもつがぐんのぎまち,栃木県,下都賀郡野木町,36.233251,139.74075
とちぎけん,しおやぐんしおやまち,栃木県,塩谷郡塩谷町,36.777613,139.85057
とちぎけん,しおやぐんたかねざわまち,栃木県,塩谷郡高根沢町,36.3751.5,139.59115
とちぎけん,なすぐんなすまち,栃木県,那須郡那須町,36.565725,139.883565
とちぎけん,なすぐんなかがわまち,栃木県,那須郡那珂川町,36.736251,140.172373
ぐんまけん,まえばしし,群馬県,前橋市,36.389482,139.063428
ぐんまけん,たかさきし,群馬県,高崎市,36.321909,139.003294
ぐんまけん,きりゅうし,群馬県,桐生市,36.390668,139.060406
ぐんまけん,いせさきし,群馬県,伊勢崎市,36.311364,139.19677
ぐんまけん,おおたし,群馬県,太田市,36.291122,139.375471
ぐんまけん,ぬまたし,群馬県,沼田市,36.646077,139.044161
ぐんまけん,たてばやしし,群馬県,館林市,36.244849,139.541968
ぐんまけん,しぶかわし,群馬県,渋川市,36.489471,139.000448
ぐんまけん,ふじおかし,群馬県,藤岡市,36.258477,139.074439
ぐんまけん,とみおかし,群馬県,富岡市,36.259841,138.889566
ぐんまけん,あんなかし,群馬県,安中市,36.326368,138.887324
ぐんまけん,みどりし,群馬県,みどり市,36.394838,139.281135
ぐんまけん,きたぐんまぐんしんとうむら,群馬県,北群馬郡榛東村,36.441056,138.981719
ぐんまけん,きたぐんまぐんよしおかまち,群馬県,北群馬郡吉岡町,36.390668,139.060406
ぐんまけん,たのぐんうえのむら,群馬県,多野郡上野村,36.083143,138.777376
ぐんまけん,たのぐんかんなまち,群馬県,多野郡神流町,36.06684,138.779409
ぐんまけん,かんらぐんしもにたまち,群馬県,甘楽郡下仁田町,36.390668,139.060406
ぐんまけん,かんらぐんなんもくむら,群馬県,甘楽郡南牧村,36.390668,139.060406
ぐんまけん,かんらぐんかんらまち,群馬県,甘楽郡甘楽町,36.242954,138.921682
ぐんまけん,あがつまぐんなかのじようまち,群馬県,吾妻郡中之条町,36.589893,138.840986
ぐんまけん,あがつまぐんながのはらまち,群馬県,吾妻郡長野原町,36.552446,138.637477
ぐんまけん,あがつまぐんつまごいむら,群馬県,吾妻郡嬬恋村,36.516874,138.530182
ぐんまけん,あがつまぐんくさつまち,群馬県,吾妻郡草津町,36.620778,138.596053
ぐんまけん,あがつまぐんたかやまむら,群馬県,吾妻郡高山村,36.620887,138.943449
ぐんまけん,あがつまぐんひがしあがつままち,群馬県,吾妻郡東吾妻町,36.571347,138.825472
ぐんまけん,とねぐんかたしなむら,群馬県,利根郡片品村,36.772469,139.225243
ぐんまけん,とねぐんかわばむら,群馬県,利根郡川場村,36.694669,139.106534
ぐんまけん,とねぐんしようわむら,群馬県,利根郡昭和村,36.639753,139.065865
ぐんまけん,とねぐんみなかみまち,群馬県,利根郡みなかみ町,36.6787,138.999064
ぐんまけん,さわぐんたまむらまち,群馬県,佐波郡玉村町,36.304433,139.114913
ぐんまけん,おうらぐんいたくらまち,群馬県,邑楽郡板倉町,36.222952,139.610271
ぐんまけん,おうらぐんめいわまち,群馬県,邑楽郡明和町,36.2113,139.534244
ぐんまけん,おうらぐんちよだまち,群馬県,邑楽郡千代田町,36.217754,139.442435
ぐんまけん,おうらぐんおおいずみまち,群馬県,邑楽郡大泉町,36.247902,139.40487
ぐんまけん,おうらぐんおうらまち,群馬県,邑楽郡邑楽町,36.390668,139.060406
さいたまけん,さいたましにしく,埼玉県,さいたま市西区,35.925302,139.579472
さいたまけん,さいたましきたく,埼玉県,さいたま市北区,35.931511,139.620229
さいたまけん,さいたましおおみやく,埼玉県,さいたま市大宮区,35.906487,139.628754
さいたまけん,さいたましみぬまく,埼玉県,さいたま市見沼区,35.5667,139.39157
さいたまけん,さいたましちゅうおうく,埼玉県,さいたま市中央区,35.884096,139.626102
さいたまけん,さいたましさくらく,埼玉県,さいたま市桜区,35.85614,139.610352
さいたまけん,さいたましうらわく,埼玉県,さいたま市浦和区,35.861651,139.645435
さいたまけん,さいたましみなみく,埼玉県,さいたま市南区,35.845253,139.645352
さいたまけん,さいたましみどりく,埼玉県,さいたま市緑区,35.871087,139.68397
さいたまけん,さいたましいわつきく,埼玉県,さいたま市岩槻区,35.949861,139.694191
さいたまけん,かわごえし,埼玉県,川越市,35.925101,139.485793
さいたまけん,くまがやし,埼玉県,熊谷市,36.14731,139.388645
さいたまけん,かわぐちし,埼玉県,川口市,35.807738,139.724171
さいたまけん,ぎようだし,埼玉県,行田市,36.138949,139.455643
さいたまけん,ちちぶし,埼玉県,秩父市,35.991689,139.085442
さいたまけん,ところざわし,埼玉県,所沢市,35.799672,139.46861
さいたまけん,はんのうし,埼玉県,飯能市,35.855731,139.327734
さいたまけん,かぞし,埼玉県,加須市,36.131438,139.601719
さいたまけん,ほんじようし,埼玉県,本庄市,35.856999,139.648849
さいたまけん,ひがしまつやまし,埼玉県,東松山市,36.042126,139.399959
さいたまけん,かすかべし,埼玉県,春日部市,35.975198,139.752301
さいたまけん,さやまし,埼玉県,狭山市,35.852942,139.412213
さいたまけん,はにゅうし,埼玉県,羽生市,35.856999,139.648849
さいたまけん,こうのすし,埼玉県,鴻巣市,36.065758,139.522169
さいたまけん,ふかやし,埼玉県,深谷市,36.197444,139.281464
さいたまけん,あげおし,埼玉県,上尾市,35.977381,139.593206
さいたまけん,そうかし,埼玉県,草加市,35.825355,139.805402
さいたまけん,こしがやし,埼玉県,越谷市,35.891084,139.790938
さいたまけん,わらびし,埼玉県,蕨市,35.825634,139.679708
さいたまけん,とだし,埼玉県,戸田市,35.817616,139.677892
さいたまけん,いるまし,埼玉県,入間市,35.835766,139.391058
さいたまけん,あさかし,埼玉県,朝霞市,35.797252,139.593917
さいたまけん,しきし,埼玉県,志木市,35.83675,139.580319
さいたまけん,わこうし,埼玉県,和光市,35.781208,139.605793
さいたまけん,にいざし,埼玉県,新座市,35.793061,139.565691
さいたまけん,おけがわし,埼玉県,桶川市,36.002808,139.558411
さいたまけん,くきし,埼玉県,久喜市,36.061995,139.666838
さいたまけん,きたもとし,埼玉県,北本市,36.026768,139.530211
さいたまけん,やしおし,埼玉県,八潮市,35.822536,139.839175
さいたまけん,ふじみし,埼玉県,富士見市,35.856759,139.549074
さいたまけん,みさとし,埼玉県,三郷市,35.830149,139.872275
さいたまけん,はすだし,埼玉県,蓮田市,35.994307,139.662106
さいたまけん,さかどし,埼玉県,坂戸市,35.95717,139.402906
さいたまけん,さつてし,埼玉県,幸手市,35.856999,139.648849
さいたまけん,つるがしまし,埼玉県,鶴ヶ島市,35.934515,139.393098
さいたまけん,ひだかし,埼玉県,日高市,35.907796,139.339026
さいたまけん,よしかわし,埼玉県,吉川市,35.895793,139.855515
さいたまけん,ふじみのし,埼玉県,ふじみ野市,35.879538,139.519764
さいたまけん,しらおかし,埼玉県,白岡市,36.019026,139.676925
さいたまけん,きたあだちぐんいなまち,埼玉県,北足立郡伊奈町,36.000112,139.624185
さいたまけん,いるまぐんみよしまち,埼玉県,入間郡三芳町,35.828367,139.526432
さいたまけん,いるまぐんもろやままち,埼玉県,入間郡毛呂山町,35.941501,139.316067
さいたまけん,いるまぐんおごせまち,埼玉県,入間郡越生町,35.964478,139.294199
さいたまけん,ひきぐんなめがわまち,埼玉県,比企郡滑川町,36.065987,139.360917
さいたまけん,ひきぐんらんざんまち,埼玉県,比企郡嵐山町,36.056655,139.320542
さいたまけん,ひきぐんおがわまち,埼玉県,比企郡小川町,36.056697,139.261845
さいたまけん,ひきぐんかわじままち,埼玉県,比企郡川島町,35.992493,139.484345
さいたまけん,ひきぐんよしみまち,埼玉県,比企郡吉見町,36.039853,139.453728
さいたまけん,ひきぐんはとやままち,埼玉県,比企郡鳩山町,35.981466,139.334101
さいたまけん,ひきぐんときがわまち,埼玉県,比企郡ときがわ町,36.00862,139.296844
さいたまけん,ちちぶぐんよこぜまち,埼玉県,秩父郡横瀬町,35.987284,139.100046
さいたまけん,ちちぶぐんみなのまち,埼玉県,秩父郡皆野町,36.07084,139.098754
さいたまけん,ちちぶぐんながとろまち,埼玉県,秩父郡長瀞町,36.114803,139.109717
さいたまけん,ちちぶぐんおがのまち,埼玉県,秩父郡小鹿野町,36.017129,139.008574
さいたまけん,ちちぶぐんひがしちちぶむら,埼玉県,秩父郡東秩父村,36.058153,139.194607
さいたまけん,こだまぐんみさとまち,埼玉県,児玉郡美里町,36.177104,139.18141
さいたまけん,こだまぐんかみかわまち,埼玉県,児玉郡神川町,36.213876,139.101776
さいたまけん,こだまぐんかみさとまち,埼玉県,児玉郡上里町,36.251607,139.144826
さいたまけん,おおさとぐんよりいまち,埼玉県,大里郡寄居町,36.118348,139.193012
さいたまけん,みなみさいたまぐんみやしろまち,埼玉県,南埼玉郡宮代町,36.022682,139.722885
さいたまけん,きたかつしかぐんすぎとまち,埼玉県,北葛飾郡杉戸町,36.01328,139.44122
さいたまけん,きたかつしかぐんまつぶしまち,埼玉県,北葛飾郡松伏町,35.925774,139.815178
ちばけん,ちばしちゅうおうく,千葉県,千葉市中央区,35.608932,140.124637
ちばけん,ちばしはなみがわく,千葉県,千葉市花見川区,35.662977,140.069167
ちばけん,ちばしいなげく,千葉県,千葉市稲毛区,35.605057,140.123306
ちばけん,ちばしわかばく,千葉県,千葉市若葉区,35.605057,140.123306
ちばけん,ちばしみどりく,千葉県,千葉市緑区,35.560459,140.176164
ちばけん,ちばしみはまく,千葉県,千葉市美浜区,35.605057,140.123306
ちばけん,ちょうしし,千葉県,銚子市,35.605057,140.123306
ちばけん,いちかわし,千葉県,市川市,35.713602,139.927944
ちばけん,ふなばしし,千葉県,船橋市,35.694706,139.982618
ちばけん,たてやまし,千葉県,館山市,34.996506,139.869965
ちばけん,きさらづし,千葉県,木更津市,35.381227,139.92486
ちばけん,まつどし,千葉県,松戸市,35.787649,139.903093
ちばけん,のだし,千葉県,野田市,35.955192,139.874764
ちばけん,もばらし,千葉県,茂原市,35.428544,140.288027
ちばけん,なりたし,千葉県,成田市,35.776608,140.318781
ちばけん,さくらし,千葉県,佐倉市,35.723486,140.223964
ちばけん,とうがねし,千葉県,東金市,35.559944,140.366092
ちばけん,あさひし,千葉県,旭市,35.720434,140.646469
ちばけん,ならしのし,千葉県,習志野市,35.681613,140.027237
ちばけん,かしわし,千葉県,柏市,35.867612,139.975851
ちばけん,かつうらし,千葉県,勝浦市,35.152283,140.320932
ちばけん,いちはらし,千葉県,市原市,35.497157,140.11522
ちばけん,ながれやまし,千葉県,流山市,35.85631,139.90266
ちばけん,やちよし,千葉県,八千代市,35.722468,140.099772
ちばけん,あびこし,千葉県,我孫子市,35.864123,140.028226
ちばけん,かもがわし,千葉県,鴨川市,35.113987,140.098711
ちばけん,かまがやし,千葉県,鎌ケ谷市,35.77675,140.00079
ちばけん,きみつし,千葉県,君津市,35.33045,139.902677
ちばけん,ふつつし,千葉県,富津市,35.605057,140.123306
ちばけん,うらやすし,千葉県,浦安市,35.653153,139.901917
ちばけん,よつかいどうし,千葉県,四街道市,35.669816,140.167925
ちばけん,そでがうらし,千葉県,袖ケ浦市,35.429808,139.95443
ちばけん,やちまたし,千葉県,八街市,35.665917,140.317952
ちばけん,いんざいし,千葉県,印西市,35.832349,140.145815
ちばけん,しろいし,千葉県,白井市,35.791233,140.055877
ちばけん,とみさとし,千葉県,富里市,35.726808,140.343058
ちばけん,みなみぼうそうし,千葉県,南房総市,35.042991,139.840128
ちばけん,そうさし,千葉県,匝瑳市,35.707917,140.564281
ちばけん,かとりし,千葉県,香取市,35.897735,140.499268
ちばけん,さんむし,千葉県,山武市,35.602964,140.413506
ちばけん,いすみし,千葉県,いすみ市,35.253889,140.385051
ちばけん,おおあみしらさとし,千葉県,大網白里市,35.521708,140.32096
ちばけん,いんばぐんしすいまち,千葉県,印旛郡酒々井町,35.724824,140.269547
ちばけん,いんばぐんさかえまち,千葉県,印旛郡栄町,35.840784,140.243831
ちばけん,かとりぐんこうざきまち,千葉県,香取郡神崎町,35.901602,140.405285
ちばけん,かとりぐんたこまち,千葉県,香取郡多古町,35.883579,140.525604
ちばけん,かとりぐんとうのしようまち,千葉県,香取郡東庄町,35.83715,140.668581
ちばけん,さんぶぐんくじゅうくりまち,千葉県,山武郡九十九里町,35.535062,140.44025
ちばけん,さんぶぐんしばやままち,千葉県,山武郡芝山町,35.693056,140.414194
ちばけん,さんぶぐんよこしばひかりまち,千葉県,山武郡横芝光町,35.665568,140.50431
ちばけん,ちょうせいぐんいちのみやまち,千葉県,長生郡一宮町,35.373006,140.346589
ちばけん,ちょうせいぐんむつざわまち,千葉県,長生郡睦沢町,35.21397,140.19095
ちばけん,ちょうせいぐんちょうせいむら,千葉県,長生郡長生村,35.605057,140.123306
ちばけん,ちょうせいぐんしらこまち,千葉県,長生郡白子町,35.27156,140.22273
ちばけん,ちょうせいぐんながらまち,千葉県,長生郡長柄町,35.431125,140.227059
ちばけん,ちょうせいぐんちょうなんまち,千葉県,長生郡長南町,35.605057,140.123306
ちばけん,いすみぐんおおたきまち,千葉県,夷隅郡大多喜町,35.285191,140.245439
ちばけん,いすみぐんおんじゆくまち,千葉県,夷隅郡御宿町,35.250911,140.203844
ちばけん,あわぐんきよなんまち,千葉県,安房郡鋸南町,35.126412,139.864966
とうきようと,ちよだく,東京都,千代田区,35.694003,139.753595
とうきようと,ちゅうおうく,東京都,中央区,35.40141,139.46191
とうきようと,みなとく,東京都,港区,35.658068,139.751599
とうきようと,しんじゅくく,東京都,新宿区,35.4138,139.42123
とうきようと,ぶんきようく,東京都,文京区,35.42282,139.45081
とうきようと,たいとうく,東京都,台東区,35.712607,139.779996
とうきようと,すみだく,東京都,墨田区,35.710722,139.801497
とうきようと,こうとうく,東京都,江東区,35.672854,139.81741
とうきようと,しながわく,東京都,品川区,35.609226,139.730186
とうきようと,めぐろく,東京都,目黒区,35.641463,139.698171
とうきようと,おおたく,東京都,大田区,35.561257,139.716051
とうきようと,せたがやく,東京都,世田谷区,35.646572,139.653247
とうきようと,しぶやく,東京都,渋谷区,35.661777,139.704051
とうきようと,なかのく,東京都,中野区,35.707399,139.663835
とうきようと,すぎなみく,東京都,杉並区,35.699566,139.636438
とうきようと,としまく,東京都,豊島区,35.726118,139.716605
とうきようと,きたく,東京都,北区,35.45101,139.44008
とうきようと,あらかわく,東京都,荒川区,35.73608,139.783369
とうきようと,いたばしく,東京都,板橋区,35.751165,139.709244
とうきようと,ねりまく,東京都,練馬区,35.735623,139.651658
とうきようと,あだちく,東京都,足立区,35.775664,139.804479
とうきようと,かつしかく,東京都,葛飾区,35.743575,139.84718
とうきようと,えどがわく,東京都,江戸川区,35.706657,139.868427
とうきようと,はちおうじし,東京都,八王子市,35.666339,139.315806
とうきようと,たちかわし,東京都,立川市,35.714014,139.407843
とうきようと,むさしのし,東京都,武蔵野市,35.717784,139.56626
とうきようと,みたかし,東京都,三鷹市,35.683513,139.559584
とうきようと,おうめし,東京都,青梅市,35.787996,139.27583
とうきようと,ふちゅうし,東京都,府中市,35.40082,139.28395
とうきようと,あきしまし,東京都,昭島市,35.705755,139.353548
とうきようと,ちょうふし,東京都,調布市,35.39021,139.32264
とうきようと,まちだし,東京都,町田市,35.546631,139.438619
とうきようと,こがねいし,東京都,小金井市,35.699473,139.502992
とうきようと,こだいらし,東京都,小平市,35.728577,139.477456
とうきようと,ひのし,東京都,日野市,35.671337,139.394926
とうきようと,ひがしむらやまし,東京都,東村山市,35.754597,139.468489
とうきようと,こくぶんじし,東京都,国分寺市,35.710335,139.463191
とうきようと,くにたちし,東京都,国立市,35.683885,139.44138
とうきようと,ふつさし,東京都,福生市,35.44185,139.1937
とうきようと,こまえし,東京都,狛江市,35.634912,139.578733
とうきようと,ひがしやまとし,東京都,東大和市,35.745369,139.426593
とうきようと,きよせし,東京都,清瀬市,35.785753,139.52643
とうきようと,ひがしくるめし,東京都,東久留米市,35.758048,139.529739
とうきようと,むさしむらやまし,東京都,武蔵村山市,35.754909,139.387422
とうきようと,たまし,東京都,多摩市,35.637004,139.446307
とうきようと,いなぎし,東京都,稲城市,35.637924,139.504567
とうきようと,はむらし,東京都,羽村市,35.767222,139.310944
とうきようと,あきるのし,東京都,あきる野市,35.72892,139.29412
とうきようと,にしとうきようし,東京都,西東京市,35.725496,139.538156
とうきようと,にしたまぐんみずほまち,東京都,西多摩郡瑞穂町,35.771895,139.353771
とうきようと,にしたまぐんひのでまち,東京都,西多摩郡日の出町,35.742142,139.257444
とうきようと,にしたまぐんひのはらむら,東京都,西多摩郡檜原村,35.43365,1390856
とうきようと,にしたまぐんおくたままち,東京都,西多摩郡奥多摩町,35.48344,139.05463
とうきようと,おおしままち,東京都,大島町,34.75004,139.355579
とうきようと,としまむら,東京都,利島村,34.31458,139.16564
とうきようと,にいじまむら,東京都,新島村,34.377109,139.257113
とうきようと,こうづしまむら,東京都,神津島村,34.205522,139.134452
とうきようと,みやけじまみやけむら,東京都,三宅島三宅村,34.04328,139.28468
とうきようと,みくらじまむら,東京都,御蔵島村,33.897344,139.595811
とうきようと,はちじようじまはちじようまち,東京都,八丈島八丈町,33.06342,139.47272
とうきようと,あおがしまむら,東京都,青ヶ島村,32.27589,139.45481
とうきようと,おがさわらむら,東京都,小笠原村,27.05391,142.11309
かながわけん,よこはましつるみく,神奈川県,横浜市鶴見区,35.508404,139.68254
かながわけん,よこはましかながわく,神奈川県,横浜市神奈川区,35.476901,139.629431
かながわけん,よこはましにしく,神奈川県,横浜市西区,35.457467,139.606353
かながわけん,よこはましなかく,神奈川県,横浜市中区,35.444699,139.642178
かながわけん,よこはましみなみく,神奈川県,横浜市南区,35.434406,139.627499
かながわけん,よこはましほどがやく,神奈川県,横浜市保土ケ谷区,35.459984,139.59606
かながわけん,よこはましいそごく,神奈川県,横浜市磯子区,35.402439,139.618433
かながわけん,よこはましかなざわく,神奈川県,横浜市金沢区,35.338078,139.624483
かながわけん,よこはましこうほくく,神奈川県,横浜市港北区,35.519083,139.633024
かながわけん,よこはましとつかく,神奈川県,横浜市戸塚区,35.399989,139.533486
かながわけん,よこはましこうなんく,神奈川県,横浜市港南区,35.40088,139.592503
かながわけん,よこはましあさひく,神奈川県,横浜市旭区,35.474836,139.54472
かながわけん,よこはましみどりく,神奈川県,横浜市緑区,35.512396,139.538006
かながわけん,よこはましせやく,神奈川県,横浜市瀬谷区,35.466217,139.498818
かながわけん,よこはましさかえく,神奈川県,横浜市栄区,35.364348,139.554076
かながわけん,よこはましいずみく,神奈川県,横浜市泉区,35.432614,139.493066
かながわけん,よこはましあおばく,神奈川県,横浜市青葉区,35.552824,139.537019
かながわけん,よこはましつづきく,神奈川県,横浜市都筑区,35.544851,139.57053
かながわけん,かわさきしかわさきく,神奈川県,川崎市川崎区,35.520713,139.716417
かながわけん,かわさきしさいわいく,神奈川県,川崎市幸区,35.539153,139.662682
かながわけん,かわさきしなかはらく,神奈川県,川崎市中原区,35.576371,139.655709
かながわけん,かわさきしたかつく,神奈川県,川崎市高津区,35.35579,139.36288
かながわけん,かわさきしたまく,神奈川県,川崎市多摩区,35.37103,139.33436
かながわけん,かわさきしみやまえく,神奈川県,川崎市宮前区,35.589192,139.578469
かながわけん,かわさきしあさおく,神奈川県,川崎市麻生区,35.60373,139.505747
かながわけん,さがみはらしみどりく,神奈川県,相模原市緑区,35.59565,139.33771
かながわけん,さがみはらしちゅうおうく,神奈川県,相模原市中央区,35.571384,139.373246
かながわけん,さがみはらしみなみく,神奈川県,相模原市南区,35.530297,139.430195
かながわけん,よこすかし,神奈川県,横須賀市,35.281341,139.672201
かながわけん,ひらつかし,神奈川県,平塚市,35.33511,139.349476
かながわけん,かまくらし,神奈川県,鎌倉市,35.447507,139.642345
かながわけん,ふじさわし,神奈川県,藤沢市,35.338859,139.491122
かながわけん,おだわらし,神奈川県,小田原市,35.264564,139.152154
かながわけん,ちがさきし,神奈川県,茅ヶ崎市,35.333843,139.403639
かながわけん,ずしし,神奈川県,逗子市,35.295606,139.580423
かながわけん,みうらし,神奈川県,三浦市,35.144171,139.62077
かながわけん,はだのし,神奈川県,秦野市,35.374736,139.219943
かながわけん,あつぎし,神奈川県,厚木市,35.443082,139.362489
かながわけん,やまとし,神奈川県,大和市,35.487512,139.45795
かながわけん,いせはらし,神奈川県,伊勢原市,35.402969,139.314973
かながわけん,えびなし,神奈川県,海老名市,35.446446,139.390803
かながわけん,ざまし,神奈川県,座間市,35.488587,139.407673
かながわけん,みなみあしがらし,神奈川県,南足柄市,35.320715,139.0996
かながわけん,あやせし,神奈川県,綾瀬市,35.437175,139.426148
かながわけん,みうらぐんはやままち,神奈川県,三浦郡葉山町,35.267061,139.604414
かながわけん,こうざぐんさむかわまち,神奈川県,高座郡寒川町,35.22227,139.23019
かながわけん,なかぐんおおいそまち,神奈川県,中郡大磯町,35.30685,139.311314
かながわけん,なかぐんにのみやまち,神奈川県,中郡二宮町,35.299491,139.255402
かながわけん,あしがらかみぐんなかいまち,神奈川県,足柄上郡中井町,35.330717,139.218774
かながわけん,あしがらかみぐんおおいまち,神奈川県,足柄上郡大井町,35.326674,139.156577
かながわけん,あしがらかみぐんまつだまち,神奈川県,足柄上郡松田町,35.348159,139.139375
かながわけん,あしがらかみぐんやまきたまち,神奈川県,足柄上郡山北町,35.360605,139.083831
かながわけん,あしがらかみぐんかいせいまち,神奈川県,足柄上郡開成町,35.336427,139.123183
かながわけん,あしがらしもぐんはこねまち,神奈川県,足柄下郡箱根町,35.22227,139.23019
かながわけん,あしがらしもぐんまなづるまち,神奈川県,足柄下郡真鶴町,35.158468,139.137119
かながわけん,あしがらしもぐんゆがわらまち,神奈川県,足柄下郡湯河原町,35.147931,139.108336
かながわけん,あいこうぐんあいかわまち,神奈川県,愛甲郡愛川町,35.528796,139.321717
かながわけん,あいこうぐんきよかわむら,神奈川県,愛甲郡清川村,35.482383,139.276382
にいがたけん,にいがたしきたく,新潟県,新潟市北区,37.916192,139.036413
にいがたけん,にいがたしひがしく,新潟県,新潟市東区,37.924871,139.092591
にいがたけん,にいがたしちゅうおうく,新潟県,新潟市中央区,37.922478,139.043234
にいがたけん,にいがたしこうなんく,新潟県,新潟市江南区,37.902552,139.023095
にいがたけん,にいがたしあきはく,新潟県,新潟市秋葉区,37.902552,139.023095
にいがたけん,にいがたしみなみく,新潟県,新潟市南区,37.765869,139.019144
にいがたけん,にいがたしにしく,新潟県,新潟市西区,37.874223,138.97194
にいがたけん,にいがたしにしかんく,新潟県,新潟市西蒲区,37.760464,138.889284
にいがたけん,ながおかし,新潟県,長岡市,37.446265,138.851277
にいがたけん,さんじようし,新潟県,三条市,37.902552,139.023095
にいがたけん,かしわざきし,新潟県,柏崎市,37.3719,138.558984
にいがたけん,しばたし,新潟県,新発田市,37.948075,139.327293
にいがたけん,おぢやし,新潟県,小千谷市,37.314339,138.7951
にいがたけん,かもし,新潟県,加茂市,37.666275,139.040198
にいがたけん,とおかまちし,新潟県,十日町市,37.127582,138.755708
にいがたけん,みつけし,新潟県,見附市,37.531604,138.912825
にいがたけん,むらかみし,新潟県,村上市,38.223979,139.480021
にいがたけん,つばめし,新潟県,燕市,37.673152,138.88223
にいがたけん,いといがわし,新潟県,糸魚川市,37.039028,137.862652
にいがたけん,みようこうし,新潟県,妙高市,37.902552,139.023095
にいがたけん,ごせんし,新潟県,五泉市,37.744536,139.182568
にいがたけん,じようえつし,新潟県,上越市,37.902552,139.023095
にいがたけん,あがのし,新潟県,阿賀野市,37.834501,139.225983
にいがたけん,さどし,新潟県,佐渡市,38.018353,138.368082
にいがたけん,うおぬまし,新潟県,魚沼市,37.244124,138.924361
にいがたけん,みなみうおぬまし,新潟県,南魚沼市,37.161428,138.925448
にいがたけん,たいないし,新潟県,胎内市,38.059711,139.410342
にいがたけん,きたかんばらぐんせいろうまち,新潟県,北蒲原郡聖籠町,37.980862,139.266128
にいがたけん,にしかんばらぐんやひこむら,新潟県,西蒲原郡弥彦村,37.691066,138.855249
にいがたけん,みなみかんばらぐんたがみまち,新潟県,南蒲原郡田上町,37.701458,139.081401
にいがたけん,ひがしかんばらぐんあがまち,新潟県,東蒲原郡阿賀町,37.685061,139.414612
にいがたけん,さんとうぐんいずもざきまち,新潟県,三島郡出雲崎町,37.902552,139.023095
にいがたけん,みなみうおぬまぐんゆざわまち,新潟県,南魚沼郡湯沢町,36.56024,138.49028
にいがたけん,なかうおぬまぐんつなんまち,新潟県,中魚沼郡津南町,37.014274,138.652622
にいがたけん,かりわぐんかりわむら,新潟県,刈羽郡刈羽村,37.902552,139.023095
にいがたけん,いわふねぐんせきかわむら,新潟県,岩船郡関川村,38.089376,139.564918
にいがたけん,いわふねぐんあわしまうらむら,新潟県,岩船郡粟島浦村,38.059761,139.611396
とやまけん,とやまし,富山県,富山市,36.695952,137.213677
とやまけん,たかおかし,富山県,高岡市,36.754096,137.025728
とやまけん,うおづし,富山県,魚津市,36.827367,137.409215
とやまけん,ひみし,富山県,氷見市,36.855981,136.972849
とやまけん,なめりかわし,富山県,滑川市,36.764378,137.341191
とやまけん,くろべし,富山県,黒部市,36.871508,137.44803
とやまけん,となみし,富山県,砺波市,36.647534,136.962009
とやまけん,おやべし,富山県,小矢部市,36.675575,136.868622
とやまけん,なんとし,富山県,南砺市,36.557513,136.875336
とやまけん,いみずし,富山県,射水市,36.730464,137.075389
とやまけん,なかにいかわぐんふなはしむら,富山県,中新川郡舟橋村,36.703531,137.307377
とやまけん,なかにいかわぐんかみいちまち,富山県,中新川郡上市町,36.698424,137.362506
とやまけん,なかにいかわぐんたてやままち,富山県,中新川郡立山町,36.663522,137.313697
とやまけん,しもにいかわぐんにゆうぜんまち,富山県,下新川郡入善町,36.926634,137.635012
とやまけん,しもにいかわぐんあさひまち,富山県,下新川郡朝日町,36.94619,137.559943
いしかわけん,かなざわし,石川県,金沢市,36.561325,136.656205
いしかわけん,ななおし,石川県,七尾市,37.043102,136.967518
いしかわけん,こまつし,石川県,小松市,36.408351,136.445571
いしかわけん,わじまし,石川県,輪島市,37.39059,136.899196
いしかわけん,すずし,石川県,珠洲市,37.436347,137.260437
いしかわけん,かがし,石川県,加賀市,36.302624,136.314627
いしかわけん,はくいし,石川県,羽咋市,36.893599,136.778996
いしかわけん,かほくし,石川県,かほく市,36.719826,136.706727
いしかわけん,はくさんし,石川県,白山市,36.514427,136.565892
いしかわけん,のみし,石川県,能美市,36.446941,136.554242
いしかわけん,ののいちし,石川県,野々市市,36.519704,136.609971
いしかわけん,のみぐんかわきたまち,石川県,能美郡川北町,36.468502,136.542401
いしかわけん,かほくぐんつばたまち,石川県,河北郡津幡町,36.668693,136.728442
いしかわけん,かほくぐんうちなだまち,石川県,河北郡内灘町,36.39127,136.38423
いしかわけん,はくいぐんしかまち,石川県,羽咋郡志賀町,37.006312,136.77801
いしかわけん,はくいぐんほうだつしみずちょう,石川県,羽咋郡宝達志水町,36.51456,136.47515
いしかわけん,かしまぐんなかのとまち,石川県,鹿島郡中能登町,36.98305,136.901382
いしかわけん,ほうすぐんあなみずまち,石川県,鳳珠郡穴水町,37.230995,136.912475
いしかわけん,ほうすぐんのとちょう,石川県,鳳珠郡能登町,37.353216,137.244521
ふくいけん,ふくいし,福井県,福井市,36.064067,136.219494
ふくいけん,つるがし,福井県,敦賀市,35.645244,136.055441
ふくいけん,おばまし,福井県,小浜市,35.495593,135.746644
ふくいけん,おおのし,福井県,大野市,35.979814,136.487564
ふくいけん,かつやまし,福井県,勝山市,36.060945,136.500584
ふくいけん,さばえし,福井県,鯖江市,35.956553,136.184474
ふくいけん,あわらし,福井県,あわら市,36.211353,136.229025
ふくいけん,えちぜんし,福井県,越前市,35.903499,136.16878
ふくいけん,さかいし,福井県,坂井市,36.166925,136.231457
ふくいけん,よしだぐんえいへいじちょう,福井県,吉田郡永平寺町,36.092256,136.298707
ふくいけん,いまだてぐんいけだちょう,福井県,今立郡池田町,35.884982,136.381667
ふくいけん,なんじようぐんみなみえちぜんちょう,福井県,南条郡南越前町,35.835164,136.194466
ふくいけん,にゅうぐんえちぜんちょう,福井県,丹生郡越前町,35.974208,136.129743
ふくいけん,みかたぐんみはまちょう,福井県,三方郡美浜町,35.60053,135.940543
ふくいけん,おおいぐんたかはまちょう,福井県,大飯郡高浜町,35.487978,135.545854
ふくいけん,おおいぐんおおいちょう,福井県,大飯郡おおい町,35.481166,135.617828
ふくいけん,みかたかみなかぐんわかさちょう,福井県,三方上中郡若狭町,35.461888,135.857211
やまなしけん,こうふし,山梨県,甲府市,35.66228,138.568202
やまなしけん,ふじよしだし,山梨県,富士吉田市,35.487497,138.807854
やまなしけん,つるし,山梨県,都留市,35.55168,138.905473
やまなしけん,やまなしし,山梨県,山梨市,35.693394,138.686914
やまなしけん,おおつきし,山梨県,大月市,35.610485,138.940028
やまなしけん,にらさきし,山梨県,韮崎市,35.708897,138.446127
やまなしけん,みなみあるぷすし,山梨県,南アルプス市,35.608328,138.464966
やまなしけん,ほくとし,山梨県,北杜市,35.77653,138.423781
やまなしけん,かいし,山梨県,甲斐市,35.686259,138.487257
やまなしけん,ふえふきし,山梨県,笛吹市,35.64736,138.639786
やまなしけん,うえのはらし,山梨県,上野原市,35.630259,139.108599
やまなしけん,こうしゅうし,山梨県,甲州市,35.664158,138.568449
やまなしけん,ちゅうおうし,山梨県,中央市,35.664158,138.568449
やまなしけん,にしやつしろぐんいちかわみさとちょう,山梨県,西八代郡市川三郷町,35.527353,138.508721
やまなしけん,みなみこまぐんはやかわちょう,山梨県,南巨摩郡早川町,35.412917,138.362759
やまなしけん,みなみこまぐんみのぶちょう,山梨県,南巨摩郡身延町,35.664158,138.568449
やまなしけん,みなみこまぐんなんぶちょう,山梨県,南巨摩郡南部町,35.288321,138.456158
やまなしけん,みなみこまぐんふじかわちょう,山梨県,南巨摩郡富士川町,35.561156,138.461384
やまなしけん,なかこまぐんしようわちょう,山梨県,中巨摩郡昭和町,35.627926,138.535142
やまなしけん,みなみつるぐんどうしむら,山梨県,南都留郡道志村,35.527956,139.033379
やまなしけん,みなみつるぐんにしかつらちょう,山梨県,南都留郡西桂町,35.524069,138.846891
やまなしけん,みなみつるぐんおしのむら,山梨県,南都留郡忍野村,35.460098,138.847861
やまなしけん,みなみつるぐんやまなかこむら,山梨県,南都留郡山中湖村,35.410645,138.860917
やまなしけん,みなみつるぐんなるさわむら,山梨県,南都留郡鳴沢村,35.664158,138.568449
やまなしけん,みなみつるぐんふじかわぐちこまち,山梨県,南都留郡富士河口湖町,35.497314,138.755084
やまなしけん,きたつるぐんこすげむら,山梨県,北都留郡小菅村,35.760124,138.940161
やまなしけん,きたつるぐんたばやまむら,山梨県,北都留郡丹波山村,35.789712,138.922231
ながのけん,ながのし,長野県,長野市,36.648583,138.194771
ながのけん,まつもとし,長野県,松本市,36.238038,137.972034
ながのけん,うえだし,長野県,上田市,36.401912,138.248889
ながのけん,おかやし,長野県,岡谷市,36.067012,138.049326
ながのけん,いいだし,長野県,飯田市,35.514978,137.821447
ながのけん,すわし,長野県,諏訪市,36.039142,138.114182
ながのけん,すざかし,長野県,須坂市,36.651097,138.307192
ながのけん,こもろし,長野県,小諸市,36.327419,138.42588
ながのけん,いなし,長野県,伊那市,35.827481,137.95408
ながのけん,こまがねし,長野県,駒ヶ根市,35.728814,137.933782
ながのけん,なかのし,長野県,中野市,36.741558,138.369214
ながのけん,おおまちし,長野県,大町市,36.503018,137.851094
ながのけん,いいやまし,長野県,飯山市,36.851745,138.365495
ながのけん,ちのし,長野県,茅野市,35.995571,138.158893
ながのけん,しおじりし,長野県,塩尻市,36.114972,137.953449
ながのけん,さくし,長野県,佐久市,36.248868,138.476831
ながのけん,ちくまし,長野県,千曲市,36.533897,138.120108
ながのけん,とうみし,長野県,東御市,36.359477,138.330247
ながのけん,あづみのし,長野県,安曇野市,36.303951,137.905801
ながのけん,みなみさくぐんこうみまち,長野県,南佐久郡小海町,36.085208,138.481843
ながのけん,みなみさくぐんかわかみむら,長野県,南佐久郡川上村,36.085208,138.481843
ながのけん,みなみさくぐんみなみまきむら,長野県,南佐久郡南牧村,36.085208,138.481843
ながのけん,みなみさくぐんみなみあいきむら,長野県,南佐久郡南相木村,36.085208,138.481843
ながのけん,みなみさくぐんきたあいきむら,長野県,南佐久郡北相木村,36.085208,138.481843
ながのけん,みなみさくぐんさくほまち,長野県,南佐久郡佐久穂町,36.651299,138.180956
ながのけん,きたさくぐんかるいざわまち,長野県,北佐久郡軽井沢町,36.085208,138.481843
ながのけん,きたさくぐんみよたまち,長野県,北佐久郡御代田町,36.085208,138.481843
ながのけん,きたさくぐんたてしなまち,長野県,北佐久郡立科町,36.651299,138.180956
ながのけん,ちいさがたぐんあおきむら,長野県,小県郡青木村,36.651299,138.180956
ながのけん,ちいさがたぐんながわまち,長野県,小県郡長和町,36.269911,138.25823
ながのけん,すわぐんしもすわまち,長野県,諏訪郡下諏訪町,36.069559,138.08017
ながのけん,すわぐんふじみまち,長野県,諏訪郡富士見町,35.914621,138.240699
ながのけん,すわぐんはらむら,長野県,諏訪郡原村,36.651299,138.180956
ながのけん,かみいなぐんたつのまち,長野県,上伊那郡辰野町,35.982513,137.987484
ながのけん,かみいなぐんみのわまち,長野県,上伊那郡箕輪町,35.915134,137.981944
ながのけん,かみいなぐんいいじままち,長野県,上伊那郡飯島町,35.40363,137.55112
ながのけん,かみいなぐんみなみみのわむら,長野県,上伊那郡南箕輪村,35.876708,137.978798
ながのけん,かみいなぐんなかがわむら,長野県,上伊那郡中川村,35.634537,137.946058
ながのけん,かみいなぐんみやだむら,長野県,上伊那郡宮田村,35.46079,137.56396
ながのけん,しもいなぐんまつかわまち,長野県,下伊那郡松川町,35.597292,137.909567
ながのけん,しもいなぐんたかもりまち,長野県,下伊那郡高森町,35.551497,137.878437
ながのけん,しもいなぐんあなんちょう,長野県,下伊那郡阿南町,35.32364,137.816055
ながのけん,しもいなぐんあちむら,長野県,下伊那郡阿智村,35.443769,137.747505
ながのけん,しもいなぐんひらやむら,長野県,下伊那郡平谷村,35.323236,137.63003
ながのけん,しもいなぐんねばむら,長野県,下伊那郡根羽村,35.253077,137.581261
ながのけん,しもいなぐんしもじようむら,長野県,下伊那郡下條村,35.827481,137.95408
ながのけん,しもいなぐんうるぎむら,長野県,下伊那郡売木村,35.271046,137.711313
ながのけん,しもいなぐんてんりゅうむら,長野県,下伊那郡天龍村,36.651299,138.180956
ながのけん,しもいなぐんやすおかむら,長野県,下伊那郡泰阜村,35.377523,137.846015
ながのけん,しもいなぐんたかぎむら,長野県,下伊那郡喬木村,35.513682,137.8737
ながのけん,しもいなぐんとよおかむら,長野県,下伊那郡豊丘村,36.651299,138.180956
ながのけん,しもいなぐんおおしかむら,長野県,下伊那郡大鹿村,35.578222,138.034017
ながのけん,きそぐんあげまつまち,長野県,木曽郡上松町,35.785984,137.694599
ながのけん,きそぐんなぎそまち,長野県,木曽郡南木曽町,35.602445,137.608633
ながのけん,きそぐんきそむら,長野県,木曽郡木祖村,36.651299,138.180956
ながのけん,きそぐんおうたきむら,長野県,木曽郡王滝村,35.809395,137.550969
ながのけん,きそぐんおおくわむら,長野県,木曽郡大桑村,35.682911,137.664918
ながのけん,きそぐんきそまち,長野県,木曽郡木曽町,36.651299,138.180956
ながのけん,ひがしちくまぐんおみむら,長野県,東筑摩郡麻績村,36.456089,138.045289
ながのけん,ひがしちくまぐんいくさかむら,長野県,東筑摩郡生坂村,36.425248,137.927383
ながのけん,ひがしちくまぐんやまがたむら,長野県,東筑摩郡山形村,36.168028,137.879155
ながのけん,ひがしちくまぐんあさひむら,長野県,東筑摩郡朝日村,36.129052,137.866858
ながのけん,ひがしちくまぐんちくほくむら,長野県,東筑摩郡筑北村,36.429984,138.020848
ながのけん,きたあづみぐんいけだまち,長野県,北安曇郡池田町,36.421366,137.874502
ながのけん,きたあづみぐんまつかわむら,長野県,北安曇郡松川村,36.424076,137.854498
ながのけん,きたあづみぐんはくばむら,長野県,北安曇郡白馬村,36.69818,137.86185
ながのけん,きたあづみぐんおたりむら,長野県,北安曇郡小谷村,36.779067,137.908405
ながのけん,はにしなぐんさかきまち,長野県,埴科郡坂城町,36.460227,138.187207
ながのけん,かみたかいぐんおぶせまち,長野県,上高井郡小布施町,36.697492,138.312038
ながのけん,かみたかいぐんたかやまむら,長野県,上高井郡高山村,36.676537,138.360061
ながのけん,しもたかいぐんやまのうちまち,長野県,下高井郡山ノ内町,36.744634,138.412596
ながのけん,しもたかいぐんきじまだいらむら,長野県,下高井郡木島平村,36.858406,138.40683
ながのけん,しもたかいぐんのざわおんせんむら,長野県,下高井郡野沢温泉村,36.922902,138.440641
ながのけん,かみみのちぐんしなのまち,長野県,上水内郡信濃町,36.806404,138.207113
ながのけん,かみみのちぐんおがわむら,長野県,上水内郡小川村,36.617271,137.974724
ながのけん,かみみのちぐんいいづなまち,長野県,上水内郡飯綱町,36.651299,138.180956
ながのけん,しもみのちぐんさかえむら,長野県,下水内郡栄村,36.987514,138.577069
ぎふけん,ぎふし,岐阜県,岐阜市,35.423298,136.760654
ぎふけん,おおがきし,岐阜県,大垣市,35.359384,136.61275
ぎふけん,たかやまし,岐阜県,高山市,36.146124,137.252173
ぎふけん,たじみし,岐阜県,多治見市,35.3328,137.132077
ぎふけん,せきし,岐阜県,関市,35.495738,136.917842
ぎふけん,なかつがわし,岐阜県,中津川市,35.487548,137.500509
ぎふけん,みのし,岐阜県,美濃市,35.54477,136.90754
ぎふけん,みずなみし,岐阜県,瑞浪市,35.361712,137.254587
ぎふけん,はしまし,岐阜県,羽島市,35.31991,136.703349
ぎふけん,えなし,岐阜県,恵那市,35.449314,137.412808
ぎふけん,みのかもし,岐阜県,美濃加茂市,35.440242,137.015664
ぎふけん,ときし,岐阜県,土岐市,35.3525,137.183202
ぎふけん,かかみがはらし,岐阜県,各務原市,35.398869,136.848264
ぎふけん,かにし,岐阜県,可児市,35.426121,137.061011
ぎふけん,やまがたし,岐阜県,山県市,35.506109,136.781372
ぎふけん,みずほし,岐阜県,瑞穂市,35.404094,136.649774
ぎふけん,ひだし,岐阜県,飛騨市,36.238124,137.186317
ぎふけん,もとすし,岐阜県,本巣市,35.483047,136.678766
ぎふけん,ぐじようし,岐阜県,郡上市,35.748577,136.964354
ぎふけん,げろし,岐阜県,下呂市,35.805882,137.2441
ぎふけん,かいづし,岐阜県,海津市,35.220492,136.636662
ぎふけん,はしまぐんぎなんちょう,岐阜県,羽島郡岐南町,35.391227,136.722291
ぎふけん,はしまぐんかさまつちょう,岐阜県,羽島郡笠松町,35.3672,136.763167
ぎふけん,ようろうぐんようろうちょう,岐阜県,養老郡養老町,35.18303,136.3341
ぎふけん,ふわぐんたるいちょう,岐阜県,不破郡垂井町,35.370254,136.527102
ぎふけん,ふわぐんせきがはらちょう,岐阜県,不破郡関ケ原町,35.365517,136.466982
ぎふけん,あんぱちぐんごうどちょう,岐阜県,安八郡神戸町,35.42034,136.604265
ぎふけん,あんぱちぐんわのうちちょう,岐阜県,安八郡輪之内町,35.293573,136.64757
ぎふけん,あんぱちぐんあんぱちちょう,岐阜県,安八郡安八町,35.360196,136.672786
ぎふけん,いびぐんいびがわちょう,岐阜県,揖斐郡揖斐川町,35.487309,136.568653
ぎふけん,いびぐんおおのちょう,岐阜県,揖斐郡大野町,35.477458,136.63682
ぎふけん,いびぐんいけだちょう,岐阜県,揖斐郡池田町,35.555268,136.477769
ぎふけん,もとすぐんきたがたちょう,岐阜県,本巣郡北方町,35.43575,136.6837
ぎふけん,かもぐんさかほぎちょう,岐阜県,加茂郡坂祝町,35.2536,136.59072
ぎふけん,かもぐんとみかちょう,岐阜県,加茂郡富加町,35.484883,136.979824
ぎふけん,かもぐんかわべちょう,岐阜県,加茂郡川辺町,35.486579,137.070608
ぎふけん,かもぐんひちそうちょう,岐阜県,加茂郡七宗町,35.32374,137.07118
ぎふけん,かもぐんやおつちょう,岐阜県,加茂郡八百津町,35.578988,137.175212
ぎふけん,かもぐんしらかわちょう,岐阜県,加茂郡白川町,35.581859,137.187824
ぎふけん,かもぐんひがししらかわむら,岐阜県,加茂郡東白川村,35.642561,137.323751
ぎふけん,かにぐんみたけちょう,岐阜県,可児郡御嵩町,35.430682,137.131663
ぎふけん,おおのぐんしらかわむら,岐阜県,大野郡白川村,36.21016,136.86794
しずおかけん,しずおかしあおいく,静岡県,静岡市葵区,34.97514,138.383243
しずおかけん,しずおかしするがく,静岡県,静岡市駿河区,34.97712,138.383085
しずおかけん,しずおかししみずく,静岡県,静岡市清水区,35.116402,138.595493
しずおかけん,はままつしなかく,静岡県,浜松市中区,34.710896,137.72594
しずおかけん,はままつしひがしく,静岡県,浜松市東区,34.741325,137.791772
しずおかけん,はままつしにしく,静岡県,浜松市西区,34.97712,138.383085
しずおかけん,はままつしみなみく,静岡県,浜松市南区,34.667299,137.752297
しずおかけん,はままつしきたく,静岡県,浜松市北区,34.806154,137.651101
しずおかけん,はままつしはまきたく,静岡県,浜松市浜北区,34.791611,137.783279
しずおかけん,はままつしてんりゅうく,静岡県,浜松市天竜区,34.872621,137.816251
しずおかけん,ぬまづし,静岡県,沼津市,35.095584,138.863493
しずおかけん,あたみし,静岡県,熱海市,35.096276,139.071705
しずおかけん,みしまし,静岡県,三島市,35.118403,138.918513
しずおかけん,ふじのみやし,静岡県,富士宮市,35.222054,138.621643
しずおかけん,いとうし,静岡県,伊東市,34.965671,139.101936
しずおかけん,しまだし,静岡県,島田市,34.836364,138.175997
しずおかけん,ふじし,静岡県,富士市,35.161399,138.676273
しずおかけん,いわたし,静岡県,磐田市,34.717904,137.851513
しずおかけん,やいづし,静岡県,焼津市,34.86692,138.323189
しずおかけん,かけがわし,静岡県,掛川市,34.768767,137.998168
しずおかけん,ふじえだし,静岡県,藤枝市,34.867367,138.257458
しずおかけん,ごてんばし,静岡県,御殿場市,35.308715,138.93487
しずおかけん,ふくろいし,静岡県,袋井市,34.750174,137.924679
しずおかけん,しもだし,静岡県,下田市,34.679533,138.945316
しずおかけん,すそのし,静岡県,裾野市,35.173883,138.906729
しずおかけん,こさいし,静岡県,湖西市,34.718466,137.531626
しずおかけん,いずし,静岡県,伊豆市,34.976586,138.946704
しずおかけん,おまえざきし,静岡県,御前崎市,34.637987,138.128127
しずおかけん,きくがわし,静岡県,菊川市,34.757746,138.084582
しずおかけん,いずのくにし,静岡県,伊豆の国市,35.027735,138.928921
しずおかけん,まきのはらし,静岡県,牧之原市,34.740043,138.224652
しずおかけん,かもぐんひがしいずちょう,静岡県,賀茂郡東伊豆町,34.772835,139.041311
しずおかけん,かもぐんかわづちょう,静岡県,賀茂郡河津町,34.757033,138.987538
しずおかけん,かもぐんみなみいずちょう,静岡県,賀茂郡南伊豆町,34.651092,138.858527
しずおかけん,かもぐんまつざきちょう,静岡県,賀茂郡松崎町,34.97712,138.383085
しずおかけん,かもぐんにしいずちょう,静岡県,賀茂郡西伊豆町,34.771676,138.775356
しずおかけん,たがたぐんかんなみちょう,静岡県,田方郡函南町,35.32374,137.07118
しずおかけん,すんとうぐんしみずちょう,静岡県,駿東郡清水町,34.97712,138.383085
しずおかけん,すんとうぐんながいずみちょう,静岡県,駿東郡長泉町,35.13767,138.897178
しずおかけん,すんとうぐんおやまちょう,静岡県,駿東郡小山町,34.97712,138.383085
しずおかけん,はいばらぐんよしだちょう,静岡県,榛原郡吉田町,34.77087,138.251993
しずおかけん,はいばらぐんかわねほんちょう,静岡県,榛原郡川根本町,35.046833,138.081695
しずおかけん,しゅうちぐんもりまち,静岡県,周智郡森町,34.819659,137.888134
あいちけん,なごやしちくさく,愛知県,名古屋市千種区,35.166486,136.946434
あいちけん,なごやしひがしく,愛知県,名古屋市東区,35.179325,136.925993
あいちけん,なごやしきたく,愛知県,名古屋市北区,35.194206,136.911519
あいちけん,なごやしにしく,愛知県,名古屋市西区,35.189117,136.890033
あいちけん,なごやしなかむらく,愛知県,名古屋市中村区,35.168747,136.873015
あいちけん,なごやしなかく,愛知県,名古屋市中区,35.168707,136.910251
あいちけん,なごやししようわく,愛知県,名古屋市昭和区,35.150199,136.934124
あいちけん,なごやしみずほく,愛知県,名古屋市瑞穂区,35.131441,136.934961
あいちけん,なごやしあつたく,愛知県,名古屋市熱田区,35.128545,136.91028
あいちけん,なごやしなかがわく,愛知県,名古屋市中川区,35.141539,136.854793
あいちけん,なごやしみなとく,愛知県,名古屋市港区,35.107772,136.885567
あいちけん,なごやしみなみく,愛知県,名古屋市南区,35.095169,136.931242
あいちけん,なごやしもりやまく,愛知県,名古屋市守山区,35.203335,136.976314
あいちけん,なごやしみどりく,愛知県,名古屋市緑区,35.070805,136.952238
あいちけん,なごやしめいとうく,愛知県,名古屋市名東区,35.175848,137.010183
あいちけん,なごやしてんぱくく,愛知県,名古屋市天白区,35.122671,136.974982
あいちけん,とよはしし,愛知県,豊橋市,34.7692,137.391466
あいちけん,おかざきし,愛知県,岡崎市,34.954379,137.174329
あいちけん,いちのみやし,愛知県,一宮市,35.30389,136.802933
あいちけん,せとし,愛知県,瀬戸市,35.223958,137.08403
あいちけん,はんだし,愛知県,半田市,34.891718,136.937961
あいちけん,かすがいし,愛知県,春日井市,35.247611,136.972224
あいちけん,とよかわし,愛知県,豊川市,34.826851,137.375542
あいちけん,つしまし,愛知県,津島市,35.177029,136.741214
あいちけん,へきなんし,愛知県,碧南市,34.884804,136.993376
あいちけん,かりやし,愛知県,刈谷市,34.989225,137.002107
あいちけん,とよたし,愛知県,豊田市,35.082395,137.156249
あいちけん,あんじようし,愛知県,安城市,34.958641,137.080297
あいちけん,にしおし,愛知県,西尾市,34.861937,137.06185
あいちけん,がまごおりし,愛知県,蒲郡市,34.8265,137.219516
あいちけん,いぬやまし,愛知県,犬山市,35.378607,136.944564
あいちけん,とこなめし,愛知県,常滑市,34.8867,136.832397
あいちけん,こうなんし,愛知県,江南市,35.332011,136.870617
あいちけん,こまきし,愛知県,小牧市,35.29031,136.910952
あいちけん,いなざわし,愛知県,稲沢市,35.248132,136.780202
あいちけん,しんしろし,愛知県,新城市,34.898912,137.49787
あいちけん,とうかいし,愛知県,東海市,35.022843,136.90253
あいちけん,おおぶし,愛知県,大府市,35.011657,136.963835
あいちけん,ちたし,愛知県,知多市,34.996533,136.864755
あいちけん,ちりゅうし,愛知県,知立市,35.001272,137.050749
あいちけん,おわりあさひし,愛知県,尾張旭市,35.216513,137.035396
あいちけん,たかはまし,愛知県,高浜市,34.927588,136.987269
あいちけん,いわくらし,愛知県,岩倉市,35.279503,136.871431
あいちけん,とよあけし,愛知県,豊明市,35.053688,137.012997
あいちけん,につしんし,愛知県,日進市,35.180188,136.906565
あいちけん,たはらし,愛知県,田原市,34.668806,137.264203
あいちけん,あいさいし,愛知県,愛西市,35.153141,136.7281
あいちけん,きよすし,愛知県,清須市,35.199864,136.852945
あいちけん,きたなごやし,愛知県,北名古屋市,35.245668,136.866008
あいちけん,やとみし,愛知県,弥富市,35.110018,136.724739
あいちけん,みよしし,愛知県,みよし市,35.08941,137.074854
あいちけん,あまし,愛知県,あま市,35.200516,136.783232
あいちけん,ながくてし,愛知県,長久手市,35.184126,137.048762
あいちけん,あいちぐんとうごうちょう,愛知県,愛知郡東郷町,35.096748,137.052553
あいちけん,にしかすがいぐんとよやまちょう,愛知県,西春日井郡豊山町,35.254853,136.917392
あいちけん,にわぐんおおぐちちょう,愛知県,丹羽郡大口町,35.332436,136.90767
あいちけん,にわぐんふそうちょう,愛知県,丹羽郡扶桑町,35.35914,136.913079
あいちけん,あまぐんおおはるちょう,愛知県,海部郡大治町,35.175078,136.820095
あいちけん,あまぐんかにえちょう,愛知県,海部郡蟹江町,35.131175,136.794806
あいちけん,あまぐんとびしまむら,愛知県,海部郡飛島村,35.180188,136.906565
あいちけん,ちたぐんあぐいちょう,愛知県,知多郡阿久比町,34.932903,136.915262
あいちけん,ちたぐんひがしうらちょう,愛知県,知多郡東浦町,34.977094,136.965622
あいちけん,ちたぐんみなみちたちょう,愛知県,知多郡南知多町,34.715167,136.92997
あいちけん,ちたぐんみはまちょう,愛知県,知多郡美浜町,34.778815,136.908237
あいちけん,ちたぐんたけとよちょう,愛知県,知多郡武豊町,34.851134,136.914803
あいちけん,ぬかたぐんこうたちょう,愛知県,額田郡幸田町,34.863768,137.16546
あいちけん,きたしたらぐんしたらちょう,愛知県,北設楽郡設楽町,35.134433,137.645517
あいちけん,きたしたらぐんとうえいちょう,愛知県,北設楽郡東栄町,35.076939,137.697837
あいちけん,きたしたらぐんとよねむら,愛知県,北設楽郡豊根村,35.146738,137.7197
みえけん,つし,三重県,津市,34.718596,136.505698
みえけん,よつかいちし,三重県,四日市市,34.965157,136.624485
みえけん,いせし,三重県,伊勢市,34.487514,136.709336
みえけん,まつさかし,三重県,松阪市,34.577993,136.527593
みえけん,くわなし,三重県,桑名市,35.062216,136.683803
みえけん,すずかし,三重県,鈴鹿市,34.88188,136.584209
みえけん,なばりし,三重県,名張市,34.627659,136.108296
みえけん,おわせし,三重県,尾鷲市,34.070799,136.190995
みえけん,かめやまし,三重県,亀山市,34.855755,136.451645
みえけん,とばし,三重県,鳥羽市,34.481435,136.843362
みえけん,くまのし,三重県,熊野市,33.888604,136.100237
みえけん,いなべし,三重県,いなべ市,35.115701,136.561471
みえけん,しまし,三重県,志摩市,34.32816,136.829691
みえけん,いがし,三重県,伊賀市,34.768595,136.12991
みえけん,くわなぐんきそさきちょう,三重県,桑名郡木曽岬町,35.062216,136.683803
みえけん,いなべぐんとういんちょう,三重県,員弁郡東員町,35.074257,136.583579
みえけん,みえぐんこものちょう,三重県,三重郡菰野町,35.020068,136.507344
みえけん,みえぐんあさひちょう,三重県,三重郡朝日町,35.03421,136.664352
みえけん,みえぐんかわごえちょう,三重県,三重郡川越町,35.023009,136.673865
みえけん,たきぐんたきちょう,三重県,多気郡多気町,34.496153,136.546146
みえけん,たきぐんめいわちょう,三重県,多気郡明和町,34.54756,136.623176
みえけん,たきぐんおおだいちょう,三重県,多気郡大台町,34.272133,136.170901
みえけん,わたらいぐんたまきちょう,三重県,度会郡玉城町,34.336485,136.477769
みえけん,わたらいぐんわたらいちょう,三重県,度会郡度会町,34.438923,136.622466
みえけん,わたらいぐんたいきちょう,三重県,度会郡大紀町,34.336485,136.477769
みえけん,わたらいぐんみなみいせちょう,三重県,度会郡南伊勢町,34.352095,136.703689
みえけん,きたむろぐんきほくちょう,三重県,北牟婁郡紀北町,34.211533,136.337313
みえけん,みなみむろぐんみはまちょう,三重県,南牟婁郡御浜町,34.730283,136.508588
みえけん,みなみむろぐんきほうちょう,三重県,南牟婁郡紀宝町,33.733773,136.00967
しがけん,おおつし,滋賀県,大津市,35.017893,135.854607
しがけん,ひこねし,滋賀県,彦根市,35.272378,136.262006
しがけん,ながはまし,滋賀県,長浜市,35.380815,136.278722
しがけん,おうみはちまんし,滋賀県,近江八幡市,35.128339,136.097907
しがけん,くさつし,滋賀県,草津市,35.013134,135.959936
しがけん,もりやまし,滋賀県,守山市,35.05894,135.994404
しがけん,りつとうし,滋賀県,栗東市,35.021617,135.997996
しがけん,こうかし,滋賀県,甲賀市,34.966067,136.166325
しがけん,やすし,滋賀県,野洲市,35.067454,136.02585
しがけん,こなんし,滋賀県,湖南市,35.00415,136.084679
しがけん,たかしまし,滋賀県,高島市,35.353071,136.03583
しがけん,ひがしおうみし,滋賀県,東近江市,35.112456,136.207765
しがけん,まいばらし,滋賀県,米原市,35.361585,136.370192
しがけん,がもうぐんひのちょう,滋賀県,蒲生郡日野町,35.004531,135.86859
しがけん,がもうぐんりゅうおうちょう,滋賀県,蒲生郡竜王町,35.060803,136.124535
しがけん,えちぐんあいしようちょう,滋賀県,愛知郡愛荘町,35.16894,136.212367
しがけん,いぬかみぐんとよさとちょう,滋賀県,犬上郡豊郷町,35.12013,136.13478
しがけん,いぬかみぐんこうらちょう,滋賀県,犬上郡甲良町,35.004531,135.86859
しがけん,いぬかみぐんたがちょう,滋賀県,犬上郡多賀町,35.235677,136.279183
きようとふ,きようとしきたく,京都府,京都市北区,35.041053,135.753983
きようとふ,きようとしかみぎようく,京都府,京都市上京区,35.011636,135.768029
きようとふ,きようとしさきようく,京都府,京都市左京区,35.048569,135.778548
きようとふ,きようとしなかぎようく,京都府,京都市中京区,35.010425,135.751411
きようとふ,きようとしひがしやまく,京都府,京都市東山区,34.997057,135.776162
きようとふ,きようとししもぎようく,京都府,京都市下京区,34.5915,135.4520
きようとふ,きようとしみなみく,京都府,京都市南区,34.976661,135.746495
きようとふ,きようとしうきようく,京都府,京都市右京区,34.987655,135.755533
きようとふ,きようとしふしみく,京都府,京都市伏見区,34.93603,135.76141
きようとふ,きようとしやましなく,京都府,京都市山科区,34.972336,135.813697
きようとふ,きようとしにしきようく,京都府,京都市西京区,35.018123,135.782363
きようとふ,ふくちやまし,京都府,福知山市,35.2967,135.126563
きようとふ,まいづるし,京都府,舞鶴市,35.474797,135.385992
きようとふ,あやべし,京都府,綾部市,35.298916,135.258812
きようとふ,うじし,京都府,宇治市,34.884461,135.799854
きようとふ,みやづし,京都府,宮津市,35.3208,135.11438
きようとふ,かめおかし,京都府,亀岡市,35.013408,135.573609
きようとふ,じようようし,京都府,城陽市,34.51106,135.46481
きようとふ,むこうし,京都府,向日市,34.948736,135.698288
きようとふ,ながおかきようし,京都府,長岡京市,35.021247,135.755597
きようとふ,やわたし,京都府,八幡市,34.875555,135.707621
きようとふ,きようたなべし,京都府,京田辺市,34.814459,135.767695
きようとふ,きようたんごし,京都府,京丹後市,35.624166,135.061
きようとふ,なんたんし,京都府,南丹市,35.107374,135.47026
きようとふ,きづがわし,京都府,木津川市,34.737162,135.820117
きようとふ,おとくにぐんおおやまざきちょう,京都府,乙訓郡大山崎町,34.900025,135.690539
きようとふ,くせぐんくみやまちょう,京都府,久世郡久御山町,34.8815,135.732607
きようとふ,つづきぐんいでちょう,京都府,綴喜郡井手町,34.798408,135.803306
きようとふ,つづきぐんうじたわらちょう,京都府,綴喜郡宇治田原町,34.85267,135.856855
きようとふ,そうらくぐんかさぎちょう,京都府,相楽郡笠置町,34.76045,135.939366
きようとふ,そうらくぐんわづかちょう,京都府,相楽郡和束町,34.79571,135.90488
きようとふ,そうらくぐんせいかちょう,京都府,相楽郡精華町,34.760856,135.785833
きようとふ,そうらくぐんみなみやましろむら,京都府,相楽郡南山城村,34.772789,135.993537
きようとふ,ふないぐんきようたんばちょう,京都府,船井郡京丹波町,35.164362,135.423055
きようとふ,よさぐんいねちょう,京都府,与謝郡伊根町,35.675146,135.272639
きようとふ,よさぐんよさのちょう,京都府,与謝郡与謝野町,35.565309,135.152841
おおさかふ,おおさかしみやこじまく,大阪府,大阪市都島区,34.701279,135.528091
おおさかふ,おおさかしふくしまく,大阪府,大阪市福島区,34.692337,135.472229
おおさかふ,おおさかしこのはなく,大阪府,大阪市此花区,34.683049,135.452328
おおさかふ,おおさかしにしく,大阪府,大阪市西区,34.676231,135.486059
おおさかふ,おおさかしみなとく,大阪府,大阪市港区,34.663918,135.460681
おおさかふ,おおさかしたいしようく,大阪府,大阪市大正区,34.693738,135.502165
おおさかふ,おおさかしてんのうじく,大阪府,大阪市天王寺区,34.657917,135.519362
おおさかふ,おおさかしなにわく,大阪府,大阪市浪速区,34.659444,135.49963
おおさかふ,おおさかしにしよどがわく,大阪府,大阪市西淀川区,34.711348,135.456202
おおさかふ,おおさかしひがしよどがわく,大阪府,大阪市東淀川区,34.741214,135.529423
おおさかふ,おおさかしひがしなりく,大阪府,大阪市東成区,34.670002,135.541268
おおさかふ,おおさかしいくのく,大阪府,大阪市生野区,34.653751,135.534413
おおさかふ,おおさかしあさひく,大阪府,大阪市旭区,34.721177,135.54422
おおさかふ,おおさかしじようとうく,大阪府,大阪市城東区,34.70321,135.544803
おおさかふ,おおさかしあべのく,大阪府,大阪市阿倍野区,34.638969,135.518496
おおさかふ,おおさかしすみよしく,大阪府,大阪市住吉区,34.603673,135.500632
おおさかふ,おおさかしひがしすみよしく,大阪府,大阪市東住吉区,34.622163,135.526601
おおさかふ,おおさかしにしなりく,大阪府,大阪市西成区,34.634872,135.494373
おおさかふ,おおさかしよどがわく,大阪府,大阪市淀川区,34.721026,135.486711
おおさかふ,おおさかしつるみく,大阪府,大阪市鶴見区,34.704329,135.574198
おおさかふ,おおさかしすみのえく,大阪府,大阪市住之江区,34.609675,135.482742
おおさかふ,おおさかしひらのく,大阪府,大阪市平野区,34.621199,135.546072
おおさかふ,おおさかしきたく,大阪府,大阪市北区,34.705362,135.510025
おおさかふ,おおさかしちゅうおうく,大阪府,大阪市中央区,34.681261,135.509801
おおさかふ,さかいしさかいく,大阪府,堺市堺区,34.573262,135.482998
おおさかふ,さかいしなかく,大阪府,堺市中区,34.528342,135.498636
おおさかふ,さかいしひがしく,大阪府,堺市東区,34.538192,135.536591
おおさかふ,さかいしにしく,大阪府,堺市西区,34.534999,135.463972
おおさかふ,さかいしみなみく,大阪府,堺市南区,34.486527,135.490568
おおさかふ,さかいしきたく,大阪府,堺市北区,34.56535,135.517178
おおさかふ,さかいしみはらく,大阪府,堺市美原区,34.538545,135.559833
おおさかふ,きしわだし,大阪府,岸和田市,34.460634,135.370829
おおさかふ,とよなかし,大阪府,豊中市,34.781266,135.469739
おおさかふ,いけだし,大阪府,池田市,34.821705,135.428444
おおさかふ,すいたし,大阪府,吹田市,34.759453,135.51686
おおさかふ,いずみおおつし,大阪府,泉大津市,34.504279,135.410464
おおさかふ,たかつきし,大阪府,高槻市,34.846159,135.617272
おおさかふ,かいづかし,大阪府,貝塚市,34.437584,135.358517
おおさかふ,もりぐちし,大阪府,守口市,34.735787,135.561751
おおさかふ,ひらかたし,大阪府,枚方市,34.81434,135.650658
おおさかふ,いばらきし,大阪府,茨木市,34.816338,135.568505
おおさかふ,やおし,大阪府,八尾市,34.626864,135.600978
おおさかふ,いずみさのし,大阪府,泉佐野市,34.406848,135.327337
おおさかふ,とんだばやしし,大阪府,富田林市,34.499527,135.597128
おおさかふ,ねやがわし,大阪府,寝屋川市,34.766093,135.6281
おおさかふ,かわちながのし,大阪府,河内長野市,34.458084,135.564226
おおさかふ,まつばらし,大阪府,松原市,34.577879,135.55185
おおさかふ,だいとうし,大阪府,大東市,34.712015,135.623659
おおさかふ,いずみし,大阪府,和泉市,34.483527,135.423557
おおさかふ,みのおし,大阪府,箕面市,34.82693,135.470463
おおさかふ,かしわらし,大阪府,柏原市,34.579305,135.628642
おおさかふ,はびきのし,大阪府,羽曳野市,34.558035,135.606212
おおさかふ,かどまし,大阪府,門真市,34.739542,135.58689
おおさかふ,せつつし,大阪府,摂津市,34.777356,135.561817
おおさかふ,たかいしし,大阪府,高石市,34.520717,135.442452
おおさかふ,ふじいでらし,大阪府,藤井寺市,34.574277,135.597474
おおさかふ,ひがしおおさかし,大阪府,東大阪市,34.67933,135.601012
おおさかふ,せんなんし,大阪府,泉南市,34.366005,135.273339
おおさかふ,しじようなわてし,大阪府,四條畷市,34.739941,135.639533
おおさかふ,かたのし,大阪府,交野市,34.787944,135.679953
おおさかふ,おおさかさやまし,大阪府,大阪狭山市,34.503795,135.555693
おおさかふ,はんなんし,大阪府,阪南市,34.359583,135.23967
おおさかふ,みしまぐんしまもとちょう,大阪府,三島郡島本町,34.89157,135.652696
おおさかふ,とよのぐんとよのちょう,大阪府,豊能郡豊能町,34.686297,135.519661
おおさかふ,とよのぐんのせちょう,大阪府,豊能郡能勢町,34.972551,135.414274
おおさかふ,せんぼくぐんただおかちょう,大阪府,泉北郡忠岡町,34.493839,135.394518
おおさかふ,せんなんぐんくまとりちょう,大阪府,泉南郡熊取町,34.401283,135.355785
おおさかふ,せんなんぐんたじりちょう,大阪府,泉南郡田尻町,34.393774,135.291174
おおさかふ,せんなんぐんみさきちょう,大阪府,泉南郡岬町,34.316978,135.142139
おおさかふ,みなみかわちぐんたいしちょう,大阪府,南河内郡太子町,34.452688,135.657425
おおさかふ,みなみかわちぐんかなんちょう,大阪府,南河内郡河南町,34.491637,135.629699
おおさかふ,みなみかわちぐんちはやあかさかむら,大阪府,南河内郡千早赤阪村,34.464587,135.622537
ひようごけん,こうべしひがしなだく,兵庫県,神戸市東灘区,34.720228,135.265455
ひようごけん,こうべしなだく,兵庫県,神戸市灘区,34.712329,135.239657
ひようごけん,こうべしひようごく,兵庫県,神戸市兵庫区,34.680578,135.165292
ひようごけん,こうべしながたく,兵庫県,神戸市長田区,34.665638,135.151026
ひようごけん,こうべしすまく,兵庫県,神戸市須磨区,34.658633,135.1337
ひようごけん,こうべしたるみく,兵庫県,神戸市垂水区,34.630252,135.056766
ひようごけん,こうべしきたく,兵庫県,神戸市北区,34.727317,135.14444
ひようごけん,こうべしちゅうおうく,兵庫県,神戸市中央区,34.695124,135.197853
ひようごけん,こうべしにしく,兵庫県,神戸市西区,34.683239,134.981602
ひようごけん,ひめじし,兵庫県,姫路市,34.815149,134.685353
ひようごけん,あまがさきし,兵庫県,尼崎市,34.733734,135.406376
ひようごけん,あかしし,兵庫県,明石市,34.643107,134.997179
ひようごけん,にしのみやし,兵庫県,西宮市,34.737597,135.341564
ひようごけん,すもとし,兵庫県,洲本市,34.342871,134.895367
ひようごけん,あしやし,兵庫県,芦屋市,34.72695,135.304162
ひようごけん,いたみし,兵庫県,伊丹市,34.784306,135.400947
ひようごけん,あいおいし,兵庫県,相生市,34.803631,134.468072
ひようごけん,とよおかし,兵庫県,豊岡市,35.544575,134.820181
ひようごけん,かこがわし,兵庫県,加古川市,34.75695,134.841178
ひようごけん,あこうし,兵庫県,赤穂市,34.754956,134.390284
ひようごけん,にしわきし,兵庫県,西脇市,34.59363,134.58091
ひようごけん,たからづかし,兵庫県,宝塚市,34.799767,135.360073
ひようごけん,みきし,兵庫県,三木市,34.796944,134.990197
ひようごけん,たかさごし,兵庫県,高砂市,34.766201,134.790442
ひようごけん,かわにしし,兵庫県,川西市,34.830135,135.417278
ひようごけん,おのし,兵庫県,小野市,34.853193,134.931376
ひようごけん,さんだし,兵庫県,三田市,34.889996,135.225453
ひようごけん,かさいし,兵庫県,加西市,34.927936,134.841622
ひようごけん,ささやまし,兵庫県,篠山市,35.075661,135.219051
ひようごけん,やぶし,兵庫県,養父市,35.404657,134.767671
ひようごけん,たんばし,兵庫県,丹波市,35.1771,135.035854
ひようごけん,みなみあわじし,兵庫県,南あわじ市,34.29448,134.779856
ひようごけん,あさごし,兵庫県,朝来市,35.339843,134.8528
ひようごけん,あわじし,兵庫県,淡路市,34.439699,134.915016
ひようごけん,しそうし,兵庫県,宍粟市,35.004417,134.549466
ひようごけん,かとうし,兵庫県,加東市,34.918573,134.973381
ひようごけん,たつのし,兵庫県,たつの市,34.857863,134.54536
ひようごけん,かわべぐんいながわちょう,兵庫県,川辺郡猪名川町,34.94103,135.346341
ひようごけん,たかぐんたかちょう,兵庫県,多可郡多可町,35.04477,134.873222
ひようごけん,かこぐんいなみちょう,兵庫県,加古郡稲美町,34.748807,134.913551
ひようごけん,かこぐんはりまちょう,兵庫県,加古郡播磨町,34.748123,134.915994
ひようごけん,かんざきぐんいちかわちょう,兵庫県,神崎郡市川町,34.989368,134.763317
ひようごけん,かんざきぐんふくさきちょう,兵庫県,神崎郡福崎町,35.078747,134.756897
ひようごけん,かんざきぐんかみかわちょう,兵庫県,神崎郡神河町,35.064226,134.739831
ひようごけん,いぼぐんたいしちょう,兵庫県,揖保郡太子町,34.49598,134.34207
ひようごけん,あこうぐんかみごおりちょう,兵庫県,赤穂郡上郡町,34.873563,134.356098
ひようごけん,さようぐんさようちょう,兵庫県,佐用郡佐用町,35.005865,134.358256
ひようごけん,みかたぐんかみちょう,兵庫県,美方郡香美町,35.632186,134.629178
ひようごけん,みかたぐんしんおんせんちょう,兵庫県,美方郡新温泉町,35.623481,134.448939
ならけん,ならし,奈良県,奈良市,34.685087,135.805
ならけん,やまとたかだし,奈良県,大和高田市,34.515046,135.736392
ならけん,やまとこおりやまし,奈良県,大和郡山市,34.649374,135.782755
ならけん,てんりし,奈良県,天理市,34.596647,135.837331
ならけん,かしはらし,奈良県,橿原市,34.509448,135.792626
ならけん,さくらいし,奈良県,桜井市,34.518714,135.843216
ならけん,ごじようし,奈良県,五條市,34.35203,135.693632
ならけん,ごせし,奈良県,御所市,34.463331,135.74024
ならけん,いこまし,奈良県,生駒市,34.69196,135.700536
ならけん,かしばし,奈良県,香芝市,34.685335,135.832742
ならけん,かつらぎし,奈良県,葛城市,34.511119,135.706917
ならけん,うだし,奈良県,宇陀市,34.528029,135.952269
ならけん,やまべぐんやまぞえむら,奈良県,山辺郡山添村,34.68085,136.043344
ならけん,いこまぐんへぐりちょう,奈良県,生駒郡平群町,34.629174,135.700654
ならけん,いこまぐんさんごうちょう,奈良県,生駒郡三郷町,34.600138,135.695525
ならけん,いこまぐんいかるがちょう,奈良県,生駒郡斑鳩町,34.608849,135.730591
ならけん,いこまぐんあんどちょう,奈良県,生駒郡安堵町,34.60648,135.756781
ならけん,しきぐんかわにしちょう,奈良県,磯城郡川西町,34.584394,135.774038
ならけん,しきぐんみやけちょう,奈良県,磯城郡三宅町,34.573698,135.773144
ならけん,しきぐんたわらもとちょう,奈良県,磯城郡田原本町,34.556601,135.794876
ならけん,うだぐんそにむら,奈良県,宇陀郡曽爾村,34.510647,136.124478
ならけん,うだぐんみつえむら,奈良県,宇陀郡御杖村,34.488389,136.165916
ならけん,たかいちぐんたかとりちょう,奈良県,高市郡高取町,34.449513,135.793175
ならけん,たかいちぐんあすかむら,奈良県,高市郡明日香村,34.471278,135.820641
ならけん,きたかつらぎぐんかんまきちょう,奈良県,北葛城郡上牧町,34.554007,135.742623
ならけん,きたかつらぎぐんおうじちょう,奈良県,北葛城郡王寺町,34.594725,135.706551
ならけん,きたかつらぎぐんこうりようちょう,奈良県,北葛城郡広陵町,34.554007,135.742623
ならけん,きたかつらぎぐんかわいちょう,奈良県,北葛城郡河合町,34.578472,135.736672
ならけん,よしのぐんよしのちょう,奈良県,吉野郡吉野町,34.396049,135.857618
ならけん,よしのぐんおおよどちょう,奈良県,吉野郡大淀町,34.390562,135.789716
ならけん,よしのぐんしもいちちょう,奈良県,吉野郡下市町,34.010415,135.827973
ならけん,よしのぐんくろたきむら,奈良県,吉野郡黒滝村,34.309307,135.852142
ならけん,よしのぐんてんかわむら,奈良県,吉野郡天川村,34.241909,135.855149
ならけん,よしのぐんのせがわむら,奈良県,吉野郡野迫川村,34.166257,135.633063
ならけん,よしのぐんとつかわむら,奈良県,吉野郡十津川村,33.988495,135.792415
ならけん,よしのぐんしもきたやまむら,奈良県,吉野郡下北山村,34.005038,135.955167
ならけん,よしのぐんかみきたやまむら,奈良県,吉野郡上北山村,34.134322,135.999988
ならけん,よしのぐんかわかみむら,奈良県,吉野郡川上村,34.338107,135.954325
ならけん,よしのぐんひがしよしのむら,奈良県,吉野郡東吉野村,34.403582,135.968365
わかやまけん,わかやまし,和歌山県,和歌山市,34.230511,135.170808
わかやまけん,かいなんし,和歌山県,海南市,34.157617,135.239734
わかやまけん,はしもとし,和歌山県,橋本市,34.315053,135.605296
わかやまけん,ありだし,和歌山県,有田市,34.083095,135.127635
わかやまけん,ごぼうし,和歌山県,御坊市,33.891492,135.152346
わかやまけん,たなべし,和歌山県,田辺市,33.728034,135.377768
わかやまけん,しんぐうし,和歌山県,新宮市,33.724105,135.992411
わかやまけん,きのかわし,和歌山県,紀の川市,34.26986,135.362757
わかやまけん,いわでし,和歌山県,岩出市,34.256295,135.311323
わかやまけん,かいそうぐんきみのちょう,和歌山県,海草郡紀美野町,34.167225,135.307489
わかやまけん,いとぐんかつらぎちょう,和歌山県,伊都郡かつらぎ町,34.296396,135.503836
わかやまけん,いとぐんくどやまちょう,和歌山県,伊都郡九度山町,34.213011,135.562939
わかやまけん,いとぐんこうやちょう,和歌山県,伊都郡高野町,34.225987,135.167509
わかやまけん,ありだぐんゆあさちょう,和歌山県,有田郡湯浅町,34.029394,135.190452
わかやまけん,ありだぐんひろがわちょう,和歌山県,有田郡広川町,34.028358,135.179306
わかやまけん,ありだぐんありだがわちょう,和歌山県,有田郡有田川町,34.065322,135.254432
わかやまけん,ひだかぐんみはまちょう,和歌山県,日高郡美浜町,33.893756,135.133101
わかやまけん,ひだかぐんひだかちょう,和歌山県,日高郡日高町,33.92573,135.140883
わかやまけん,ひだかぐんゆらちょう,和歌山県,日高郡由良町,33.959223,135.118349
わかやまけん,ひだかぐんいなみちょう,和歌山県,日高郡印南町,33.895109,135.336946
わかやまけん,ひだかぐんみなべちょう,和歌山県,日高郡みなべ町,33.772324,135.321442
わかやまけん,ひだかぐんひだかがわちょう,和歌山県,日高郡日高川町,33.911783,135.185875
わかやまけん,にしむろぐんしらはまちょう,和歌山県,西牟婁郡白浜町,33.678165,135.348134
わかやまけん,にしむろぐんかみとんだちょう,和歌山県,西牟婁郡上富田町,33.696366,135.42883
わかやまけん,にしむろぐんすさみちょう,和歌山県,西牟婁郡すさみ町,33.550151,135.49664
わかやまけん,ひがしむろぐんなちかつうらちょう,和歌山県,東牟婁郡那智勝浦町,33.37338,135.56278
わかやまけん,ひがしむろぐんたいじちょう,和歌山県,東牟婁郡太地町,33.35385,135.56381
わかやまけん,ひがしむろぐんこざがわちょう,和歌山県,東牟婁郡古座川町,33.53184,135.814802
わかやまけん,ひがしむろぐんきたやまむら,和歌山県,東牟婁郡北山村,33.932097,135.969207
わかやまけん,ひがしむろぐんくしもとちょう,和歌山県,東牟婁郡串本町,33.47247,135.781498
とつとりけん,とつとりし,鳥取県,鳥取市,35.501133,134.235091
とつとりけん,よなごし,鳥取県,米子市,35.428072,133.330945
とつとりけん,くらよしし,鳥取県,倉吉市,35.430179,133.825561
とつとりけん,さかいみなとし,鳥取県,境港市,35.539592,133.231486
とつとりけん,いわみぐんいわみちょう,鳥取県,岩美郡岩美町,35.503891,134.237736
とつとりけん,やずぐんわかさちょう,鳥取県,八頭郡若桜町,35.34017,134.400997
とつとりけん,やずぐんちづちょう,鳥取県,八頭郡智頭町,35.315189,134.361488
とつとりけん,やずぐんやずちょう,鳥取県,八頭郡八頭町,35.409207,134.250526
とつとりけん,とうはくぐんみささちょう,鳥取県,東伯郡三朝町,35.503891,134.237736
とつとりけん,とうはくぐんゆりはまちょう,鳥取県,東伯郡湯梨浜町,35.503891,134.237736
とつとりけん,とうはくぐんことうらちょう,鳥取県,東伯郡琴浦町,35.495398,133.693278
とつとりけん,とうはくぐんほくえいちょう,鳥取県,東伯郡北栄町,35.37299,133.886423
とつとりけん,さいはくぐんひえづそん,鳥取県,西伯郡日吉津村,35.440207,133.380788
とつとりけん,さいはくぐんだいせんちょう,鳥取県,西伯郡大山町,35.510737,133.496115
とつとりけん,さいはくぐんなんぶちょう,鳥取県,西伯郡南部町,35.370784,133.361891
とつとりけん,さいはくぐんほうきちょう,鳥取県,西伯郡伯耆町,35.36657,133.425942
とつとりけん,ひのぐんにちなんちょう,鳥取県,日野郡日南町,35.503891,134.237736
とつとりけん,ひのぐんひのちょう,鳥取県,日野郡日野町,35.240791,133.442786
とつとりけん,ひのぐんこうふちょう,鳥取県,日野郡江府町,35.16592,133.29187
しまねけん,まつえし,島根県,松江市,35.46806,133.048375
しまねけん,はまだし,島根県,浜田市,34.899303,132.079783
しまねけん,いずもし,島根県,出雲市,35.367035,132.754682
しまねけん,ますだし,島根県,益田市,34.674817,131.842862
しまねけん,おおだし,島根県,大田市,35.192106,132.499293
しまねけん,やすぎし,島根県,安来市,35.356108,133.277938
しまねけん,ごうつし,島根県,江津市,35.011418,132.22093
しまねけん,うんなんし,島根県,雲南市,35.307726,132.900299
しまねけん,にたぐんおくいずもちょう,島根県,仁多郡奥出雲町,35.11509,133.0089
しまねけん,いいしぐんいいなんちょう,島根県,飯石郡飯南町,34.998621,132.713283
しまねけん,おおちぐんかわもとまち,島根県,邑智郡川本町,34.995303,132.495929
しまねけん,おおちぐんみさとちょう,島根県,邑智郡美郷町,35.07669,132.590559
しまねけん,おおちぐんおおなんちょう,島根県,邑智郡邑南町,34.893963,132.43797
しまねけん,かのあしぐんつわのちょう,島根県,鹿足郡津和野町,34.467185,131.773166
しまねけん,かのあしぐんよしかちょう,島根県,鹿足郡吉賀町,34.461379,131.879941
しまねけん,おきぐんあまちょう,島根県,隠岐郡海士町,35.472295,133.0505
しまねけん,おきぐんにしのしまちょう,島根県,隠岐郡西ノ島町,35.472295,133.0505
しまねけん,おきぐんちぶむら,島根県,隠岐郡知夫村,36.013929,133.039386
しまねけん,おきぐんおきのしまちょう,島根県,隠岐郡隠岐の島町,35.472295,133.0505
おかやまけん,おかやましきたく,岡山県,岡山市北区,34.65534,133.919813
おかやまけん,おかやましなかく,岡山県,岡山市中区,34.670465,133.943127
おかやまけん,おかやましひがしく,岡山県,岡山市東区,34.651443,134.029488
おかやまけん,おかやましみなみく,岡山県,岡山市南区,34.599777,133.919553
おかやまけん,くらしきし,岡山県,倉敷市,34.585013,133.772084
おかやまけん,つやまし,岡山県,津山市,35.069116,134.004543
おかやまけん,たまのし,岡山県,玉野市,34.491943,133.945987
おかやまけん,かさおかし,岡山県,笠岡市,34.50718,133.507441
おかやまけん,いばらし,岡山県,井原市,34.597672,133.463681
おかやまけん,そうじやし,岡山県,総社市,34.661751,133.934406
おかやまけん,たかはしし,岡山県,高梁市,34.791023,133.616733
おかやまけん,にいみし,岡山県,新見市,34.97703,133.470306
おかやまけん,びぜんし,岡山県,備前市,34.74516,134.188044
おかやまけん,せとうちし,岡山県,瀬戸内市,34.664887,134.092846
おかやまけん,あかいわし,岡山県,赤磐市,34.755388,134.01884
おかやまけん,まにわし,岡山県,真庭市,35.075602,133.75273
おかやまけん,みまさかし,岡山県,美作市,35.008588,134.148572
おかやまけん,あさくちし,岡山県,浅口市,34.527839,133.584922
おかやまけん,わけぐんわけちょう,岡山県,和気郡和気町,34.824542,134.153039
おかやまけん,つくぼぐんはやしまちょう,岡山県,都窪郡早島町,34.36023,133.4942
おかやまけん,あさくちぐんさとしようちょう,岡山県,浅口郡里庄町,34.515263,133.555888
おかやまけん,おだぐんやかげちょう,岡山県,小田郡矢掛町,34.604721,133.54185
おかやまけん,まにわぐんしんじようそん,岡山県,真庭郡新庄村,35.179458,133.567734
おかやまけん,とまたぐんかがみのちょう,岡山県,苫田郡鏡野町,34.661751,133.934406
おかやまけん,かつたぐんしようおうちょう,岡山県,勝田郡勝央町,34.661751,133.934406
おかやまけん,かつたぐんなぎちょう,岡山県,勝田郡奈義町,35.123024,134.177425
おかやまけん,あいだぐんにしあわくらそん,岡山県,英田郡西粟倉村,35.171331,134.336273
おかやまけん,くめぐんくめなんちょう,岡山県,久米郡久米南町,34.929246,133.960687
おかやまけん,くめぐんみさきちょう,岡山県,久米郡美咲町,34.997953,133.958163
おかやまけん,かがぐんきびちゅうおうちょう,岡山県,加賀郡吉備中央町,34.661751,133.934406
ひろしまけん,ひろしましなかく,広島県,広島市中区,34.386245,132.455018
ひろしまけん,ひろしましひがしく,広島県,広島市東区,34.39548,132.482429
ひろしまけん,ひろしましみなみく,広島県,広島市南区,34.379979,132.469033
ひろしまけん,ひろしましにしく,広島県,広島市西区,34.393972,132.434421
ひろしまけん,ひろしましあさみなみく,広島県,広島市安佐南区,34.451844,132.47163
ひろしまけん,ひろしましあさきたく,広島県,広島市安佐北区,34.518373,132.507753
ひろしまけん,ひろしましあきく,広島県,広島市安芸区,34.371728,132.525417
ひろしまけん,ひろしましさえきく,広島県,広島市佐伯区,34.364446,132.36084
ひろしまけん,くれし,広島県,呉市,34.248646,132.565441
ひろしまけん,たけはらし,広島県,竹原市,34.341794,132.907088
ひろしまけん,みはらし,広島県,三原市,34.397433,133.078658
ひろしまけん,おのみちし,広島県,尾道市,34.408876,133.204889
ひろしまけん,ふくやまし,広島県,福山市,34.485899,133.362313
ひろしまけん,みよしし,広島県,三次市,34.805574,132.851674
ひろしまけん,しようばらし,広島県,庄原市,34.857732,133.017278
ひろしまけん,おおたけし,広島県,大竹市,34.237977,132.222475
ひろしまけん,ひがしひろしまし,広島県,東広島市,34.42638,132.743307
ひろしまけん,はつかいちし,広島県,廿日市市,34.348258,132.331622
ひろしまけん,あきたかたし,広島県,安芸高田市,34.666308,132.704299
ひろしまけん,えたじまし,広島県,江田島市,34.174933,132.462191
ひろしまけん,あきぐんふちゅうちょう,広島県,安芸郡府中町,34.392486,132.50458
ひろしまけん,あきぐんかいたちょう,広島県,安芸郡海田町,34.365117,132.560765
ひろしまけん,あきぐんくまのちょう,広島県,安芸郡熊野町,34.335736,132.584637
ひろしまけん,あきぐんさかちょう,広島県,安芸郡坂町,34.365117,132.560765
ひろしまけん,やまがたぐんあきおおたちょう,広島県,山県郡安芸太田町,34.698948,132.354483
ひろしまけん,やまがたぐんきたひろしまちょう,広島県,山県郡北広島町,34.645922,132.511172
ひろしまけん,とよたぐんおおさきかみじまちょう,広島県,豊田郡大崎上島町,34.269633,132.915086
ひろしまけん,せらぐんせらちょう,広島県,世羅郡世羅町,34.586828,133.056651
ひろしまけん,じんせきぐんじんせきこうげんちょう,広島県,神石郡神石高原町,34.727072,133.290823
やまぐちけん,しものせきし,山口県,下関市,33.957831,130.941459
やまぐちけん,うべし,山口県,宇部市,33.951509,131.246786
やまぐちけん,やまぐちし,山口県,山口市,34.178496,131.473727
やまぐちけん,はぎし,山口県,萩市,34.408116,131.399085
やまぐちけん,ほうふし,山口県,防府市,34.051752,131.56269
やまぐちけん,くだまつし,山口県,下松市,34.01503,131.870342
やまぐちけん,いわくにし,山口県,岩国市,34.166562,132.218848
やまぐちけん,ひかりし,山口県,光市,33.961913,131.942282
やまぐちけん,ながとし,山口県,長門市,34.370956,131.182195
やまぐちけん,やないし,山口県,柳井市,33.963833,132.101597
やまぐちけん,みねし,山口県,美祢市,34.166635,131.205678
やまぐちけん,しゅうなんし,山口県,周南市,34.050322,131.804794
やまぐちけん,さんようおのだし,山口県,山陽小野田市,34.003064,131.181967
やまぐちけん,おおしまぐんすおうおおしまちょう,山口県,大島郡周防大島町,33.915344,132.285542
やまぐちけん,くがぐんわきちょう,山口県,玖珂郡和木町,34.185956,131.470649
やまぐちけん,くまげぐんかみのせきちょう,山口県,熊毛郡上関町,33.933051,132.068285
やまぐちけん,くまげぐんたぶせちょう,山口県,熊毛郡田布施町,33.954703,132.041373
やまぐちけん,くまげぐんひらおちょう,山口県,熊毛郡平生町,33.937988,132.073052
やまぐちけん,あぶぐんあぶちょう,山口県,阿武郡阿武町,34.530729,131.581215
とくしまけん,とくしまし,徳島県,徳島市,34.07027,134.554844
とくしまけん,なるとし,徳島県,鳴門市,34.172562,134.608786
とくしまけん,こまつしまし,徳島県,小松島市,34.004711,134.590674
とくしまけん,あなんし,徳島県,阿南市,33.921828,134.659527
とくしまけん,よしのがわし,徳島県,吉野川市,34.025689,134.259833
とくしまけん,あわし,徳島県,阿波市,34.102148,134.297437
とくしまけん,みまし,徳島県,美馬市,34.053403,134.16975
とくしまけん,みよしし,徳島県,三好市,34.026041,133.807263
とくしまけん,かつうらぐんかつうらちょう,徳島県,勝浦郡勝浦町,33.931408,134.511356
とくしまけん,かつうらぐんかみかつちょう,徳島県,勝浦郡上勝町,33.889162,134.402052
とくしまけん,みようどうぐんさなごうちそん,徳島県,名東郡佐那河内村,33.990176,134.444596
とくしまけん,みようざいぐんいしいちょう,徳島県,名西郡石井町,34.074173,134.44069
とくしまけん,みようざいぐんかみやまちょう,徳島県,名西郡神山町,33.967291,134.350461
とくしまけん,なかぐんなかちょう,徳島県,那賀郡那賀町,33.813486,134.209979
とくしまけん,かいふぐんむぎちょう,徳島県,海部郡牟岐町,33.670315,134.422741
とくしまけん,かいふぐんみなみちょう,徳島県,海部郡美波町,33.734553,134.535444
とくしまけん,かいふぐんかいようちょう,徳島県,海部郡海陽町,33.602029,134.351997
とくしまけん,いたのぐんまつしげちょう,徳島県,板野郡松茂町,34.13394,134.580123
とくしまけん,いたのぐんきたじまちょう,徳島県,板野郡北島町,34.08015,134.34502
とくしまけん,いたのぐんあいずみちょう,徳島県,板野郡藍住町,34.126587,134.49509
とくしまけん,いたのぐんいたのちょう,徳島県,板野郡板野町,34.144363,134.462618
とくしまけん,いたのぐんかみいたちょう,徳島県,板野郡上板町,34.121385,134.404816
とくしまけん,みまぐんつるぎちょう,徳島県,美馬郡つるぎ町,34.037335,134.064074
とくしまけん,みよしぐんひがしみよしちょう,徳島県,三好郡東みよし町,34.036783,133.936757
かがわけん,たかまつし,香川県,高松市,34.342788,134.046574
かがわけん,まるがめし,香川県,丸亀市,34.289506,133.797706
かがわけん,さかいでし,香川県,坂出市,34.316319,133.86051
かがわけん,ぜんつうじし,香川県,善通寺市,34.228533,133.787113
かがわけん,かんおんじし,香川県,観音寺市,34.128466,133.662812
かがわけん,さぬきし,香川県,さぬき市,34.325207,134.17212
かがわけん,ひがしかがわし,香川県,東かがわ市,34.243809,134.358743
かがわけん,みとよし,香川県,三豊市,34.182547,133.715219
かがわけん,しようずぐんとのしようちょう,香川県,小豆郡土庄町,34.340149,134.043444
かがわけん,しようずぐんしようどしまちょう,香川県,小豆郡小豆島町,34.340149,134.043444
かがわけん,きたぐんみきちょう,香川県,木田郡三木町,34.229739,134.143542
かがわけん,かがわぐんなおしまちょう,香川県,香川郡直島町,34.45742,133.986577
かがわけん,あやうたぐんうたづちょう,香川県,綾歌郡宇多津町,34.340149,134.043444
かがわけん,あやうたぐんあやがわちょう,香川県,綾歌郡綾川町,34.249627,133.923066
かがわけん,なかたどぐんことひらちょう,香川県,仲多度郡琴平町,34.191417,133.823303
かがわけん,なかたどぐんたどつちょう,香川県,仲多度郡多度津町,34.269286,133.757527
かがわけん,なかたどぐんまんのうちょう,香川県,仲多度郡まんのう町,34.156543,133.886423
えひめけん,まつやまし,愛媛県,松山市,33.839157,132.765575
えひめけん,いまばりし,愛媛県,今治市,34.066098,132.99786
えひめけん,うわじまし,愛媛県,宇和島市,33.22334,132.560558
えひめけん,やわたはまし,愛媛県,八幡浜市,33.462898,132.423336
えひめけん,にいはまし,愛媛県,新居浜市,33.96029,133.283351
えひめけん,さいじようし,愛媛県,西条市,33.919511,133.18117
えひめけん,おおずし,愛媛県,大洲市,33.506194,132.544509
えひめけん,いよし,愛媛県,伊予市,33.757702,132.703868
えひめけん,しこくちゅうおうし,愛媛県,四国中央市,33.980761,133.549195
えひめけん,せいよし,愛媛県,西予市,33.36262,132.510993
えひめけん,とうおんし,愛媛県,東温市,33.791024,132.872296
えひめけん,おちぐんかみじまちょう,愛媛県,越智郡上島町,34.265654,133.179559
えひめけん,かみうけなぐんくまこうげんちょう,愛媛県,上浮穴郡久万高原町,33.655606,132.901671
えひめけん,いよぐんまさきちょう,愛媛県,伊予郡松前町,33.725617,132.775996
えひめけん,いよぐんとべちょう,愛媛県,伊予郡砥部町,33.44571,132.47319
えひめけん,きたぐんうちこちょう,愛媛県,喜多郡内子町,33.572561,132.727159
えひめけん,にしうわぐんいかたちょう,愛媛県,西宇和郡伊方町,33.43596,132.211577
えひめけん,きたうわぐんまつのちょう,愛媛県,北宇和郡松野町,33.279027,132.727159
えひめけん,きたうわぐんきほくちょう,愛媛県,北宇和郡鬼北町,33.279027,132.727159
えひめけん,みなみうわぐんあいなんちょう,愛媛県,南宇和郡愛南町,33.841624,132.765681
こうちけん,こうちし,高知県,高知市,33.559587,133.529279
こうちけん,むろとし,高知県,室戸市,33.290009,134.152051
こうちけん,あきし,高知県,安芸市,33.502546,133.907166
こうちけん,なんこくし,高知県,南国市,33.575671,133.64146
こうちけん,とさし,高知県,土佐市,33.494456,133.424528
こうちけん,すさきし,高知県,須崎市,33.400745,133.282953
こうちけん,すくもし,高知県,宿毛市,32.939009,132.726286
こうちけん,とさしみずし,高知県,土佐清水市,32.781634,132.954989
こうちけん,しまんとし,高知県,四万十市,32.991384,132.933749
こうちけん,こうなんし,高知県,香南市,33.564171,133.700488
こうちけん,かみし,高知県,香美市,33.603719,133.686003
こうちけん,あきぐんとうようちょう,高知県,安芸郡東洋町,33.559106,134.134044
こうちけん,あきぐんなはりちょう,高知県,安芸郡奈半利町,33.424181,134.020952
こうちけん,あきぐんたのちょう,高知県,安芸郡田野町,33.427708,134.008293
こうちけん,あきぐんやすだちょう,高知県,安芸郡安田町,33.559106,134.134044
こうちけん,あきぐんきたがわむら,高知県,安芸郡北川村,33.447694,134.042067
こうちけん,あきぐんうまじむら,高知県,安芸郡馬路村,33.55535,134.048108
こうちけん,あきぐんげいせいむら,高知県,安芸郡芸西村,33.526901,133.808914
こうちけん,ながおかぐんもとやまちょう,高知県,長岡郡本山町,33.762538,133.675905
こうちけん,ながおかぐんおおとよちょう,高知県,長岡郡大豊町,33.764291,133.664275
こうちけん,とさぐんとさちょう,高知県,土佐郡土佐町,33.737064,133.531675
こうちけん,とさぐんおおかわむら,高知県,土佐郡大川村,33.783926,133.466608
こうちけん,あがわぐんいのちょう,高知県,吾川郡いの町,33.674213,133.213448
こうちけん,あがわぐんによどがわちょう,高知県,吾川郡仁淀川町,33.575209,133.171133
こうちけん,たかおかぐんなかとさちょう,高知県,高岡郡中土佐町,33.337346,133.140361
こうちけん,たかおかぐんさかわちょう,高知県,高岡郡佐川町,33.500869,133.28653
こうちけん,たかおかぐんおちちょう,高知県,高岡郡越知町,33.322832,133.097163
こうちけん,たかおかぐんゆすはらちょう,高知県,高岡郡檮原町,33.392246,132.926987
こうちけん,たかおかぐんひだかむら,高知県,高岡郡日高村,33.534897,133.373353
こうちけん,たかおかぐんつのちょう,高知県,高岡郡津野町,33.44658,133.199469
こうちけん,たかおかぐんしまんとちょう,高知県,高岡郡四万十町,33.211653,133.137027
こうちけん,はたぐんおおつきちょう,高知県,幡多郡大月町,32.50292,132.42251
こうちけん,はたぐんみはらむら,高知県,幡多郡三原村,32.906013,132.847242
こうちけん,はたぐんくろしおちょう,高知県,幡多郡黒潮町,33.01296,133.00392
ふくおかけん,きたきゆうしゆうしもじく,福岡県,北九州市門司区,33.941138,130.959663
ふくおかけん,きたきゆうしゆうしわかまつく,福岡県,北九州市若松区,33.905476,130.811143
ふくおかけん,きたきゆうしゆうしとばたく,福岡県,北九州市戸畑区,33.893508,130.829814
ふくおかけん,きたきゆうしゆうしこくらきたく,福岡県,北九州市小倉北区,33.880882,130.873419
ふくおかけん,きたきゆうしゆうしこくらみなみく,福岡県,北九州市小倉南区,33.846525,130.884811
ふくおかけん,きたきゆうしゆうしやはたひがしく,福岡県,北九州市八幡東区,33.863444,130.811864
ふくおかけん,きたきゆうしゆうしやはたにしく,福岡県,北九州市八幡西区,33.866465,130.764923
ふくおかけん,ふくおかしひがしく,福岡県,福岡市東区,33.617746,130.417391
ふくおかけん,ふくおかしはかたく,福岡県,福岡市博多区,33.591358,130.414878
ふくおかけん,ふくおかしちゅうおうく,福岡県,福岡市中央区,33.589216,130.392813
ふくおかけん,ふくおかしみなみく,福岡県,福岡市南区,33.561569,130.426428
ふくおかけん,ふくおかしにしく,福岡県,福岡市西区,33.582939,130.323119
ふくおかけん,ふくおかしじようなんく,福岡県,福岡市城南区,33.575686,130.369976
ふくおかけん,ふくおかしさわらく,福岡県,福岡市早良区,33.581941,130.348436
ふくおかけん,おおむたし,福岡県,大牟田市,33.030262,130.445985
ふくおかけん,くるめし,福岡県,久留米市,33.319287,130.508374
ふくおかけん,のおがたし,福岡県,直方市,33.744184,130.729633
ふくおかけん,いいづかし,福岡県,飯塚市,33.646566,130.69115
ふくおかけん,たがわし,福岡県,田川市,33.638982,130.806298
ふくおかけん,やながわし,福岡県,柳川市,33.163089,130.405753
ふくおかけん,やめし,福岡県,八女市,33.211967,130.557908
ふくおかけん,ちくごし,福岡県,筑後市,33.212447,130.502093
ふくおかけん,おおかわし,福岡県,大川市,33.206594,130.383958
ふくおかけん,ゆくはしし,福岡県,行橋市,33.728773,130.982967
ふくおかけん,ぶぜんし,福岡県,豊前市,33.611511,131.130051
ふくおかけん,なかまし,福岡県,中間市,33.81665,130.709077
ふくおかけん,おごおりし,福岡県,小郡市,33.396416,130.555438
ふくおかけん,ちくしのし,福岡県,筑紫野市,33.496342,130.515657
ふくおかけん,かすがし,福岡県,春日市,33.532571,130.470281
ふくおかけん,おおのじようし,福岡県,大野城市,33.606576,130.418297
ふくおかけん,むなかたし,福岡県,宗像市,33.805431,130.540718
ふくおかけん,だざいふし,福岡県,太宰府市,33.512799,130.523906
ふくおかけん,こがし,福岡県,古賀市,33.728787,130.469987
ふくおかけん,ふくつし,福岡県,福津市,33.766819,130.491096
ふくおかけん,うきはし,福岡県,うきは市,33.347297,130.754934
ふくおかけん,みやわかし,福岡県,宮若市,33.723568,130.666694
ふくおかけん,かまし,福岡県,嘉麻市,33.560662,130.766817
ふくおかけん,あさくらし,福岡県,朝倉市,33.423413,130.665573
ふくおかけん,みやまし,福岡県,みやま市,33.152425,130.47472
ふくおかけん,いとしまし,福岡県,糸島市,33.55732,130.195555
ふくおかけん,なかがわし,福岡県,那珂川市,33.4996,130.422174
ふくおかけん,かすやぐんうみまち,福岡県,糟屋郡宇美町,33.567779,130.511112
ふくおかけん,かすやぐんささぐりまち,福岡県,糟屋郡篠栗町,33.623948,130.526256
ふくおかけん,かすやぐんしめまち,福岡県,糟屋郡志免町,33.591473,130.479743
ふくおかけん,かすやぐんすえまち,福岡県,糟屋郡須惠町,33.587268,130.507254
ふくおかけん,かすやぐんしんぐうまち,福岡県,糟屋郡新宮町,33.610743,130.480523
ふくおかけん,かすやぐんひさやままち,福岡県,糟屋郡久山町,33.646809,130.499834
ふくおかけん,かすやぐんかすやまち,福岡県,糟屋郡粕屋町,33.610743,130.480523
ふくおかけん,おんがぐんあしやまち,福岡県,遠賀郡芦屋町,33.893801,130.663896
ふくおかけん,おんがぐんみずまきまち,福岡県,遠賀郡水巻町,33.854748,130.694847
ふくおかけん,おんがぐんおかがきまち,福岡県,遠賀郡岡垣町,33.853599,130.611104
ふくおかけん,おんがぐんおんがちょう,福岡県,遠賀郡遠賀町,33.848151,130.668438
ふくおかけん,くらてぐんこたけまち,福岡県,鞍手郡小竹町,33.6925,130.712771
ふくおかけん,くらてぐんくらてまち,福岡県,鞍手郡鞍手町,33.792218,130.673975
ふくおかけん,かほぐんけいせんまち,福岡県,嘉穂郡桂川町,33.578933,130.677904
ふくおかけん,あさくらぐんちくぜんまち,福岡県,朝倉郡筑前町,33.456977,130.5953
ふくおかけん,あさくらぐんとうほうむら,福岡県,朝倉郡東峰村,33.464292,130.825892
ふくおかけん,みいぐんたちあらいまち,福岡県,三井郡大刀洗町,33.372372,130.62248
ふくおかけん,みずまぐんおおきまち,福岡県,三潴郡大木町,33.210469,130.439733
ふくおかけん,やめぐんひろかわまち,福岡県,八女郡広川町,33.254396,130.568649
ふくおかけん,たがわぐんかわらまち,福岡県,田川郡香春町,33.667933,130.847335
ふくおかけん,たがわぐんそえだまち,福岡県,田川郡添田町,33.571855,130.853955
ふくおかけん,たがわぐんいとだまち,福岡県,田川郡糸田町,33.652789,130.779091
ふくおかけん,たがわぐんかわさきまち,福岡県,田川郡川崎町,33.59994,130.814937
ふくおかけん,たがわぐんおおとうまち,福岡県,田川郡大任町,33.612478,130.853714
ふくおかけん,たがわぐんあかむら,福岡県,田川郡赤村,33.616592,130.871035
ふくおかけん,たがわぐんふくちまち,福岡県,田川郡福智町,33.683261,130.780121
ふくおかけん,みやこぐんかんだまち,福岡県,京都郡苅田町,33.775921,130.98051
ふくおかけん,みやこぐんみやこまち,福岡県,京都郡みやこ町,33.699262,130.920401
ふくおかけん,ちくじようぐんよしとみまち,福岡県,築上郡吉富町,33.602643,131.175948
ふくおかけん,ちくじようぐんこうげまち,福岡県,築上郡上毛町,33.578408,131.164113
ふくおかけん,ちくじようぐんちくじようまち,福岡県,築上郡築上町,33.656112,131.056063
さがけん,さがし,佐賀県,佐賀市,33.263482,130.300858
さがけん,からつし,佐賀県,唐津市,33.450174,129.968134
さがけん,とすし,佐賀県,鳥栖市,33.377755,130.506258
さがけん,たくし,佐賀県,多久市,33.28851,130.110061
さがけん,いまりし,佐賀県,伊万里市,33.264586,129.880269
さがけん,たけおし,佐賀県,武雄市,33.194724,130.021509
さがけん,かしまし,佐賀県,鹿島市,33.103724,130.098769
さがけん,おぎし,佐賀県,小城市,33.273665,130.216864
さがけん,うれしのし,佐賀県,嬉野市,33.128084,130.060114
さがけん,かんざきし,佐賀県,神埼市,33.310763,130.37306
さがけん,かんざきぐんよしのがりちょう,佐賀県,神埼郡吉野ヶ里町,33.362446,130.400683
さがけん,みやきぐんきやまちょう,佐賀県,三養基郡基山町,33.324943,130.454637
さがけん,みやきぐんかみみねちょう,佐賀県,三養基郡上峰町,33.319626,130.426134
さがけん,みやきぐんみやきちょう,佐賀県,三養基郡みやき町,33.324674,130.454385
さがけん,ひがしまつうらぐんげんかいちょう,佐賀県,東松浦郡玄海町,33.474724,129.868198
さがけん,にしまつうらぐんありたちょう,佐賀県,西松浦郡有田町,33.210563,129.849217
さがけん,きしまぐんおおまちちょう,佐賀県,杵島郡大町町,33.213754,130.116084
さがけん,きしまぐんこうほくまち,佐賀県,杵島郡江北町,33.201125,130.146654
さがけん,きしまぐんしろいしちょう,佐賀県,杵島郡白石町,33.181035,130.143496
さがけん,ふじつぐんたらちょう,佐賀県,藤津郡太良町,33.030773,130.175393
ながさきけん,ながさきし,長崎県,長崎市,32.750286,129.877667
ながさきけん,させぼし,長崎県,佐世保市,33.179915,129.71511
ながさきけん,しまばらし,長崎県,島原市,32.849603,130.336059
ながさきけん,いさはやし,長崎県,諫早市,32.843438,130.053095
ながさきけん,おおむらし,長崎県,大村市,32.90009,129.958142
ながさきけん,ひらどし,長崎県,平戸市,33.368062,129.553671
ながさきけん,まつうらし,長崎県,松浦市,33.341021,129.709045
ながさきけん,つしまし,長崎県,対馬市,34.202662,129.28749
ながさきけん,いきし,長崎県,壱岐市,33.74995,129.691352
ながさきけん,ごとうし,長崎県,五島市,32.695524,128.840829
ながさきけん,さいかいし,長崎県,西海市,32.933067,129.642977
ながさきけん,うんぜんし,長崎県,雲仙市,32.835197,130.1875
ながさきけん,みなみしまばらし,長崎県,南島原市,32.659777,130.297864
ながさきけん,にしそのぎぐんながよちょう,長崎県,西彼杵郡長与町,32.824989,129.874948
ながさきけん,にしそのぎぐんとぎつちょう,長崎県,西彼杵郡時津町,32.828888,129.848536
ながさきけん,ひがしそのぎぐんひがしそのぎちょう,長崎県,東彼杵郡東彼杵町,33.037026,129.917149
ながさきけん,ひがしそのぎぐんかわたなちょう,長崎県,東彼杵郡川棚町,33.072776,129.86119
ながさきけん,ひがしそのぎぐんはさみちょう,長崎県,東彼杵郡波佐見町,33.13789,129.895546
ながさきけん,きたまつうらぐんおぢかちょう,長崎県,北松浦郡小値賀町,33.191081,129.058749
ながさきけん,きたまつうらぐんさざちょう,長崎県,北松浦郡佐々町,33.238342,129.650345
ながさきけん,みなみまつうらぐんしんかみごとうちょう,長崎県,南松浦郡新上五島町,32.5904,129.0424
くまもとけん,くまもとしちゅうおうく,熊本県,熊本市中央区,32.803225,130.708191
くまもとけん,くまもとしひがしく,熊本県,熊本市東区,32.780522,130.768069
くまもとけん,くまもとしにしく,熊本県,熊本市西区,32.776358,130.647542
くまもとけん,くまもとしみなみく,熊本県,熊本市南区,32.715333,130.678877
くまもとけん,くまもとしきたく,熊本県,熊本市北区,32.903544,130.694411
くまもとけん,やつしろし,熊本県,八代市,32.508387,130.602096
くまもとけん,ひとよしし,熊本県,人吉市,32.21662,130.740062
くまもとけん,あらおし,熊本県,荒尾市,32.986836,130.432959
くまもとけん,みなまたし,熊本県,水俣市,32.214516,130.40737
くまもとけん,たまなし,熊本県,玉名市,32.93522,130.56284
くまもとけん,やまがし,熊本県,山鹿市,33.017578,130.691365
くまもとけん,きくちし,熊本県,菊池市,32.979483,130.813333
くまもとけん,うとし,熊本県,宇土市,32.687999,130.659721
くまもとけん,かみあまくさし,熊本県,上天草市,32.587419,130.430527
くまもとけん,うきし,熊本県,宇城市,32.647847,130.684365
くまもとけん,あそし,熊本県,阿蘇市,32.951954,131.120955
くまもとけん,あまくさし,熊本県,天草市,32.458504,130.193391
くまもとけん,こうしし,熊本県,合志市,32.885988,130.789707
くまもとけん,しもましきぐんみさとまち,熊本県,下益城郡美里町,32.636903,130.797248
くまもとけん,たまなぐんぎよくとうまち,熊本県,玉名郡玉東町,32.5508,130.37427
くまもとけん,たまなぐんなんかんまち,熊本県,玉名郡南関町,33.06161,130.541162
くまもとけん,たまなぐんながすまち,熊本県,玉名郡長洲町,32.929678,130.452808
くまもとけん,たまなぐんなごみまち,熊本県,玉名郡和水町,32.978106,130.605835
くまもとけん,きくちぐんおおづまち,熊本県,菊池郡大津町,32.878504,130.868312
くまもとけん,きくちぐんきくようまち,熊本県,菊池郡菊陽町,32.862515,130.828623
くまもとけん,あそぐんみなみおぐにまち,熊本県,阿蘇郡南小国町,33.09866,131.07037
くまもとけん,あそぐんおぐにまち,熊本県,阿蘇郡小国町,33.121568,131.068144
くまもとけん,あそぐんうぶやまむら,熊本県,阿蘇郡産山村,32.99576,131.216781
くまもとけん,あそぐんたかもりまち,熊本県,阿蘇郡高森町,32.827279,131.122011
くまもとけん,あそぐんにしはらむら,熊本県,阿蘇郡西原村,32.834825,130.90301
くまもとけん,あそぐんみなみあそむら,熊本県,阿蘇郡南阿蘇村,32.845004,131.017627
くまもとけん,かみましきぐんみふねまち,熊本県,上益城郡御船町,32.714616,130.801894
くまもとけん,かみましきぐんかしままち,熊本県,上益城郡嘉島町,32.740076,130.757259
くまもとけん,かみましきぐんましきまち,熊本県,上益城郡益城町,32.710206,131.079717
くまもとけん,かみましきぐんこうさまち,熊本県,上益城郡甲佐町,32.701653,130.781519
くまもとけん,かみましきぐんやまとちょう,熊本県,上益城郡山都町,32.685453,130.990455
くまもとけん,やつしろぐんひかわちょう,熊本県,八代郡氷川町,32.5825,130.673786
くまもとけん,あしきたぐんあしきたまち,熊本県,葦北郡芦北町,32.298941,130.492978
くまもとけん,あしきたぐんつなぎまち,熊本県,葦北郡津奈木町,32.233842,130.439583
くまもとけん,くまぐんにしきまち,熊本県,球磨郡錦町,32.201197,130.841115
くまもとけん,くまぐんたらぎまち,熊本県,球磨郡多良木町,32.263997,130.935784
くまもとけん,くまぐんゆのまえまち,熊本県,球磨郡湯前町,32.276284,130.980902
くまもとけん,くまぐんみずかみむら,熊本県,球磨郡水上村,32.314342,131.009546
くまもとけん,くまぐんさがらむら,熊本県,球磨郡相良村,32.235269,130.798095
くまもとけん,くまぐんいつきむら,熊本県,球磨郡五木村,32.397277,130.827816
くまもとけん,くまぐんやまえむら,熊本県,球磨郡山江村,32.246806,130.766675
くまもとけん,くまぐんくまむら,熊本県,球磨郡球磨村,32.252431,130.651163
くまもとけん,くまぐんあさぎりちょう,熊本県,球磨郡あさぎり町,32.240316,130.897793
くまもとけん,あまくさぐんれいほくまち,熊本県,天草郡苓北町,32.513193,130.054804
おおいたけん,おおいたし,大分県,大分市,33.239558,131.609272
おおいたけん,べつぷし,大分県,別府市,33.28462,131.491214
おおいたけん,なかつし,大分県,中津市,33.598221,131.188325
おおいたけん,ひたし,大分県,日田市,33.321333,130.940966
おおいたけん,さいきし,大分県,佐伯市,32.959806,131.900058
おおいたけん,うすきし,大分県,臼杵市,33.126012,131.805124
おおいたけん,つくみし,大分県,津久見市,33.072183,131.861277
おおいたけん,たけたし,大分県,竹田市,32.97372,131.398002
おおいたけん,ぶんごたかだし,大分県,豊後高田市,33.55616,131.447091
おおいたけん,きつきし,大分県,杵築市,33.417026,131.616089
おおいたけん,うさし,大分県,宇佐市,33.531972,131.349545
おおいたけん,ぶんごおおのし,大分県,豊後大野市,32.977536,131.584133
おおいたけん,ゆふし,大分県,由布市,33.180013,131.426856
おおいたけん,くにさきし,大分県,国東市,33.563327,131.732302
おおいたけん,ひがしくにさきぐんひめしまむら,大分県,東国東郡姫島村,33.726463,131.66602
おおいたけん,はやみぐんひじまち,大分県,速見郡日出町,33.370334,131.551253
おおいたけん,くすぐんここのえまち,大分県,玖珠郡九重町,33.228519,131.188795
おおいたけん,くすぐんくすまち,大分県,玖珠郡玖珠町,33.283132,131.15155
みやざきけん,みやざきし,宮崎県,宮崎市,31.907674,131.420241
みやざきけん,みやこのじようし,宮崎県,都城市,31.71959,131.061621
みやざきけん,のべおかし,宮崎県,延岡市,32.582272,131.665009
みやざきけん,にちなんし,宮崎県,日南市,31.601396,131.378339
みやざきけん,こばやしし,宮崎県,小林市,32.077531,131.072503
みやざきけん,ひゆうがし,宮崎県,日向市,32.422536,131.62441
みやざきけん,くしまし,宮崎県,串間市,31.464539,131.228303
みやざきけん,さいとし,宮崎県,西都市,32.108554,131.401203
みやざきけん,えびのし,宮崎県,えびの市,32.045344,130.810796
みやざきけん,きたもろかたぐんみまたちょう,宮崎県,北諸県郡三股町,31.911096,131.423893
みやざきけん,にしもろかたぐんたかはるちょう,宮崎県,西諸県郡高原町,31.928463,131.007751
みやざきけん,ひがしもろかたぐんくにとみちょう,宮崎県,東諸県郡国富町,31.990644,131.323535
みやざきけん,ひがしもろかたぐんあやちょう,宮崎県,東諸県郡綾町,32.003444,131.254515
みやざきけん,こゆぐんたかなべちょう,宮崎県,児湯郡高鍋町,32.127999,131.503355
みやざきけん,こゆぐんしんとみちょう,宮崎県,児湯郡新富町,32.068868,131.488017
みやざきけん,こゆぐんにしめらそん,宮崎県,児湯郡西米良村,32.226391,131.154843
みやざきけん,こゆぐんきじようちょう,宮崎県,児湯郡木城町,32.250197,131.481277
みやざきけん,こゆぐんかわみなみちょう,宮崎県,児湯郡川南町,32.192071,131.525868
みやざきけん,こゆぐんつのちょう,宮崎県,児湯郡都農町,32.256293,131.559568
みやざきけん,ひがしうすきぐんかどがわちょう,宮崎県,東臼杵郡門川町,32.469793,131.648589
みやざきけん,ひがしうすきぐんもろつかそん,宮崎県,東臼杵郡諸塚村,32.512387,131.330405
みやざきけん,ひがしうすきぐんしいばそん,宮崎県,東臼杵郡椎葉村,32.372256,131.143819
みやざきけん,ひがしうすきぐんみさとちょう,宮崎県,東臼杵郡美郷町,32.440273,131.423168
みやざきけん,にしうすきぐんたかちほちょう,宮崎県,西臼杵郡高千穂町,32.71169,131.307787
みやざきけん,にしうすきぐんひのかげちょう,宮崎県,西臼杵郡日之影町,32.653816,131.388146
みやざきけん,にしうすきぐんごかせちょう,宮崎県,西臼杵郡五ヶ瀬町,32.68302,131.196379
かごしまけん,かごしまし,鹿児島県,鹿児島市,31.596554,130.557116
かごしまけん,かのやし,鹿児島県,鹿屋市,31.378292,130.852077
かごしまけん,まくらざきし,鹿児島県,枕崎市,31.2729,130.296905
かごしまけん,あくねし,鹿児島県,阿久根市,32.01447,130.192773
かごしまけん,いずみし,鹿児島県,出水市,32.090644,130.353206
かごしまけん,いぶすきし,鹿児島県,指宿市,31.25277,130.633031
かごしまけん,にしのおもてし,鹿児島県,西之表市,30.732412,130.996835
かごしまけん,たるみずし,鹿児島県,垂水市,31.492734,130.700914
かごしまけん,さつませんだいし,鹿児島県,薩摩川内市,31.813517,130.304245
かごしまけん,ひおきし,鹿児島県,日置市,31.633709,130.402425
かごしまけん,そおし,鹿児島県,曽於市,31.653621,131.019391
かごしまけん,きりしまし,鹿児島県,霧島市,31.740899,130.762997
かごしまけん,いちきくしきのし,鹿児島県,いちき串木野市,31.714553,130.271929
かごしまけん,みなみさつまし,鹿児島県,南さつま市,31.416612,130.323408
かごしまけん,しぶしし,鹿児島県,志布志市,31.495442,131.045336
かごしまけん,あまみし,鹿児島県,奄美市,28.377248,129.493741
かごしまけん,みなみきゆうしゆうし,鹿児島県,南九州市,31.22418,130.2630
かごしまけん,いさし,鹿児島県,伊佐市,32.057225,130.613105
かごしまけん,あいらし,鹿児島県,姶良市,31.728228,130.627816
かごしまけん,かごしまぐんみしまむら,鹿児島県,鹿児島郡三島村,30.79217,130.303757
かごしまけん,かごしまぐんとしまむら,鹿児島県,鹿児島郡十島村,29.856991,129.868198
かごしまけん,さつまぐんさつまちょう,鹿児島県,薩摩郡さつま町,31.947086,130.496392
かごしまけん,いずみぐんながしまちょう,鹿児島県,出水郡長島町,32.199375,130.176833
かごしまけん,あいらぐんゆうすいちょう,鹿児島県,姶良郡湧水町,31.95158,130.720924
かごしまけん,そおぐんおおさきちょう,鹿児島県,曽於郡大崎町,31.441606,130.968784
かごしまけん,きもつきぐんひがしくしらちょう,鹿児島県,肝属郡東串良町,31.385517,130.973495
かごしまけん,きもつきぐんきんこうちょう,鹿児島県,肝属郡錦江町,31.344256,130.945079
かごしまけん,きもつきぐんみなみおおすみちょう,鹿児島県,肝属郡南大隅町,31.344256,130.945079
かごしまけん,きもつきぐんきもつきちょう,鹿児島県,肝属郡肝付町,31.645449,130.570244
かごしまけん,くまげぐんなかたねちょう,鹿児島県,熊毛郡中種子町,30.532822,130.95885
かごしまけん,くまげぐんみなみたねちょう,鹿児島県,熊毛郡南種子町,30.414071,130.90086
かごしまけん,くまげぐんやくしまちょう,鹿児島県,熊毛郡屋久島町,30.538077,130.959447
かごしまけん,おおしまぐんやまとそん,鹿児島県,大島郡大和村,28.358136,129.395446
かごしまけん,おおしまぐんうけんそん,鹿児島県,大島郡宇検村,28.280731,129.297092
かごしまけん,おおしまぐんせとうちちょう,鹿児島県,大島郡瀬戸内町,28.146552,129.314694
かごしまけん,おおしまぐんたつごうちょう,鹿児島県,大島郡龍郷町,27.843891,128.925052
かごしまけん,おおしまぐんきかいちょう,鹿児島県,大島郡喜界町,27.843891,128.925052
かごしまけん,おおしまぐんとくのしまちょう,鹿児島県,大島郡徳之島町,27.843891,128.925052
かごしまけん,おおしまぐんあまぎちょう,鹿児島県,大島郡天城町,27.4833,128.53518
かごしまけん,おおしまぐんいせんちょう,鹿児島県,大島郡伊仙町,27.40245,128.56162
かごしまけん,おおしまぐんわどまりちょう,鹿児島県,大島郡和泊町,27.392287,128.655475
かごしまけん,おおしまぐんちなちょう,鹿児島県,大島郡知名町,27.843891,128.925052
かごしまけん,おおしまぐんよろんちょう,鹿児島県,大島郡与論町,27.048527,128.414832
おきなわけん,なはし,沖縄県,那覇市,26.212312,127.679157
おきなわけん,ぎのわんし,沖縄県,宜野湾市,26.281575,127.778634
おきなわけん,いしがきし,沖縄県,石垣市,24.340661,124.15558
おきなわけん,うらそえし,沖縄県,浦添市,26.245816,127.721799
おきなわけん,なごし,沖縄県,名護市,26.591547,127.977316
おきなわけん,いとまんし,沖縄県,糸満市,26.123584,127.665815
おきなわけん,おきなわし,沖縄県,沖縄市,26.334427,127.805583
おきなわけん,とみぐすくし,沖縄県,豊見城市,26.161006,127.668944
おきなわけん,うるまし,沖縄県,うるま市,26.427062,127.829081
おきなわけん,みやこじまし,沖縄県,宮古島市,24.80549,125.281149
おきなわけん,なんじようし,沖縄県,南城市,26.1632,127.770649
おきなわけん,くにがみぐんくにがみそん,沖縄県,国頭郡国頭村,26.745635,128.177907
おきなわけん,くにがみぐんおおぎみそん,沖縄県,国頭郡大宜味村,26.701708,128.120164
おきなわけん,くにがみぐんひがしそん,沖縄県,国頭郡東村,26.633309,128.156912
おきなわけん,くにがみぐんなきじんそん,沖縄県,国頭郡今帰仁村,26.682577,127.972628
おきなわけん,くにがみぐんもとぶちょう,沖縄県,国頭郡本部町,26.657577,127.897831
おきなわけん,くにがみぐんおんなそん,沖縄県,国頭郡恩納村,26.4975,127.853557
おきなわけん,くにがみぐんぎのざそん,沖縄県,国頭郡宜野座村,26.481659,127.975589
おきなわけん,くにがみぐんきんちょう,沖縄県,国頭郡金武町,26.657402,128.168856
おきなわけん,くにがみぐんいえそん,沖縄県,国頭郡伊江村,26.713482,127.80707
おきなわけん,なかがみぐんよみたんそん,沖縄県,中頭郡読谷村,26.396055,127.744277
おきなわけん,なかがみぐんかでなちょう,沖縄県,中頭郡嘉手納町,26.364453,127.754878
おきなわけん,なかがみぐんちゃたんちょう,沖縄県,中頭郡北谷町,26.320119,127.763776
おきなわけん,なかがみぐんきたなかぐすくそん,沖縄県,中頭郡北中城村,26.30111,127.793149
おきなわけん,なかがみぐんなかぐすくそん,沖縄県,中頭郡中城村,26.267379,127.791126
おきなわけん,なかがみぐんにしはらちょう,沖縄県,中頭郡西原町,26.222837,127.758824
おきなわけん,しまじりぐんよなばるちょう,沖縄県,島尻郡与那原町,26.199577,127.754768
おきなわけん,しまじりぐんはえばるちょう,沖縄県,島尻郡南風原町,26.191119,127.728551
おきなわけん,しまじりぐんとかしきそん,沖縄県,島尻郡渡嘉敷村,26.197343,127.364286
おきなわけん,しまじりぐんざまみそん,沖縄県,島尻郡座間味村,26.228892,127.303157
おきなわけん,しまじりぐんあぐにそん,沖縄県,島尻郡粟国村,26.212401,127.680932
おきなわけん,しまじりぐんとなきそん,沖縄県,島尻郡渡名喜村,26.372061,127.141021
おきなわけん,しまじりぐんみなみだいとうそん,沖縄県,島尻郡南大東村,25.828684,131.232015
おきなわけん,しまじりぐんきただいとうそん,沖縄県,島尻郡北大東村,26.173283,129.019921
おきなわけん,しまじりぐんいへやそん,沖縄県,島尻郡伊平屋村,27.039054,127.968666
おきなわけん,しまじりぐんいぜなそん,沖縄県,島尻郡伊是名村,26.928363,127.941209
おきなわけん,しまじりぐんくめじまちょう,沖縄県,島尻郡久米島町,26.350396,126.771177
おきなわけん,しまじりぐんやえせちょう,沖縄県,島尻郡八重瀬町,26.170646,127.717925
おきなわけん,みやこぐんたらまそん,沖縄県,宮古郡多良間村,24.664894,124.701454
おきなわけん,やえやまぐんたけとみちょう,沖縄県,八重山郡竹富町,24.329916,124.087929
おきなわけん,やえやまぐんよなぐにちょう,沖縄県,八重山郡与那国町,24.467969,123.004453
